,Unnamed: 0,_id,title,roomName,gender,roomType,py,deposit,rentFee,region,brandType,roomOption,url,imgUrl,station,station_region
0,0,65d83d3d586d871d4e26c4d5,이태원431,Room A,2,0,5.0,3000000,620000,녹사평역,0,WIFI 에어컨 세탁기 냉장고 ,https://www.woozoo.kr/houses/IT431,https://dgdr.co.kr/upload/jijum/238342658_Gf6XysaH_20210923034736.jpg,녹사평,용산동4가
1,1,65d83d3f586d871d4e26c4d6,이태원431,Room B,2,0,7.0,3000000,670000,녹사평역,0,WIFI 에어컨 세탁기 냉장고 ,https://www.woozoo.kr/houses/IT431,https://dgdr.co.kr/upload/jijum/238342658_Gf6XysaH_20210923034736.jpg,녹사평,용산동4가
2,2,65d83d41586d871d4e26c4d7,이태원431,Room C,2,1,16.0,3000000,650000,녹사평역,0,WIFI 에어컨 세탁기 냉장고 ,https://www.woozoo.kr/houses/IT431,https://dgdr.co.kr/upload/jijum/238342658_Gf6XysaH_20210923034736.jpg,녹사평,용산동4가
3,3,65d83d43586d871d4e26c4d8,이태원431,Room D,2,0,6.0,3000000,670000,녹사평역,0,WIFI 에어컨 세탁기 냉장고 ,https://www.woozoo.kr/houses/IT431,https://dgdr.co.kr/upload/jijum/238342658_Gf6XysaH_20210923034736.jpg,녹사평,용산동4가
4,4,65d83d46586d871d4e26c4d9,이태원431,Room E,2,0,9.0,3000000,770000,녹사평역,0,WIFI 에어컨 세탁기 냉장고 ,https://www.woozoo.kr/houses/IT431,https://dgdr.co.kr/upload/jijum/238342658_Gf6XysaH_20210923034736.jpg,녹사평,용산동4가
5,5,65d83d48586d871d4e26c4da,이태원431,Room F,2,0,13.0,3000000,780000,녹사평역,0,WIFI 에어컨 세탁기 냉장고 ,https://www.woozoo.kr/houses/IT431,https://dgdr.co.kr/upload/jijum/238342658_Gf6XysaH_20210923034736.jpg,녹사평,용산동4가
6,6,65d83d53586d871d4e26c4db,성수955,Room A,2,0,7.74,3000000,850000,성수역,0,WIFI 에어컨 세탁기 냉장고 ,https://www.woozoo.kr/houses/SS955,https://dgdr.co.kr/upload/jijum/238342658_Gf6XysaH_20210923034736.jpg,성수,성수동2가
7,7,65d83d55586d871d4e26c4dc,성수955,Room B,2,0,16.1,3000000,1000000,성수역,0,WIFI 에어컨 세탁기 냉장고 ,https://www.woozoo.kr/houses/SS955,https://dgdr.co.kr/upload/jijum/238342658_Gf6XysaH_20210923034736.jpg,성수,성수동2가
8,8,65d83d57586d871d4e26c4dd,성수955,Room C,2,0,10.55,3000000,850000,성수역,0,WIFI 에어컨 세탁기 냉장고 ,https://www.woozoo.kr/houses/SS955,https://dgdr.co.kr/upload/jijum/238342658_Gf6XysaH_20210923034736.jpg,성수,성수동2가
9,9,65d83d59586d871d4e26c4de,성수955,Room D,2,0,7.77,3000000,850000,성수역,0,WIFI 에어컨 세탁기 냉장고 ,https://www.woozoo.kr/houses/SS955,https://dgdr.co.kr/upload/jijum/238342658_Gf6XysaH_20210923034736.jpg,성수,성수동2가
10,10,65d83d64586d871d4e26c4df,89호점,Room A,2,0,13.0,1000000,490000,홍제역,0,WIFI 에어컨 세탁기 냉장고 wifi 정수기 전자렌지 밥솥 가스렌지 식탁 책상 의자 침대 옷장 서랍장,https://www.woozoo.kr/houses/89,https://dgdr.co.kr/upload/jijum/238342658_Gf6XysaH_20210923034736.jpg,홍제,홍제동
11,11,65d83d66586d871d4e26c4e0,89호점,Room B,2,0,12.0,1000000,480000,홍제역,0,WIFI 에어컨 세탁기 냉장고 wifi 정수기 전자렌지 밥솥 가스렌지 식탁 책상 의자 침대 옷장 서랍장,https://www.woozoo.kr/houses/89,https://dgdr.co.kr/upload/jijum/238342658_Gf6XysaH_20210923034736.jpg,홍제,홍제동
12,12,65d83d69586d871d4e26c4e1,89호점,Room C,2,0,21.0,1000000,550000,홍제역,0,WIFI 에어컨 세탁기 냉장고 wifi 정수기 전자렌지 밥솥 가스렌지 식탁 책상 의자 침대 옷장 서랍장,https://www.woozoo.kr/houses/89,https://dgdr.co.kr/upload/jijum/238342658_Gf6XysaH_20210923034736.jpg,홍제,홍제동
13,13,65d83d6b586d871d4e26c4e2,89호점,Room D,2,0,14.0,1000000,500000,홍제역,0,WIFI 에어컨 세탁기 냉장고 wifi 정수기 전자렌지 밥솥 가스렌지 식탁 책상 의자 침대 옷장 서랍장,https://www.woozoo.kr/houses/89,https://dgdr.co.kr/upload/jijum/238342658_Gf6XysaH_20210923034736.jpg,홍제,홍제동
14,14,65d83d6d586d871d4e26c4e3,89호점,Room E,2,0,7.0,1000000,440000,홍제역,0,WIFI 에어컨 세탁기 냉장고 wifi 정수기 전자렌지 밥솥 가스렌지 식탁 책상 의자 침대 옷장 서랍장,https://www.woozoo.kr/houses/89,https://dgdr.co.kr/upload/jijum/238342658_Gf6XysaH_20210923034736.jpg,홍제,홍제동
22,22,65d83d96586d871d4e26c4eb,211호점,Room A,2,0,0.0,1000000,570000,홍대입구역,0,WIFI 에어컨 세탁기 냉장고 의자 테이블 청소기 wifi 정수기 밥솥 식탁 책상 의자 수납함 침대 옷장,https://www.woozoo.kr/houses/211,https://dgdr.co.kr/upload/jijum/238342658_Gf6XysaH_20210923034736.jpg,홍대입구,동교동
23,23,65d83d98586d871d4e26c4ec,211호점,Room B,2,0,0.0,1000000,570000,홍대입구역,0,WIFI 에어컨 세탁기 냉장고 의자 테이블 청소기 wifi 정수기 밥솥 식탁 책상 의자 수납함 침대 옷장,https://www.woozoo.kr/houses/211,https://dgdr.co.kr/upload/jijum/238342658_Gf6XysaH_20210923034736.jpg,홍대입구,동교동
24,24,65d83d9a586d871d4e26c4ed,211호점,Room C,2,1,0.0,1000000,430000,홍대입구역,0,WIFI 에어컨 세탁기 냉장고 의자 테이블 청소기 wifi 정수기 밥솥 식탁 책상 의자 수납함 침대 옷장,https://www.woozoo.kr/houses/211,https://dgdr.co.kr/upload/jijum/238342658_Gf6XysaH_20210923034736.jpg,홍대입구,동교동
25,25,65d83d9c586d871d4e26c4ee,211호점,Room D,2,1,0.0,1000000,460000,홍대입구역,0,WIFI 에어컨 세탁기 냉장고 의자 테이블 청소기 wifi 정수기 밥솥 식탁 책상 의자 수납함 침대 옷장,https://www.woozoo.kr/houses/211,https://dgdr.co.kr/upload/jijum/238342658_Gf6XysaH_20210923034736.jpg,홍대입구,동교동
26,26,65d83d9e586d871d4e26c4ef,211호점,Room E,2,0,0.0,1000000,520000,홍대입구역,0,WIFI 에어컨 세탁기 냉장고 의자 테이블 청소기 wifi 정수기 밥솥 식탁 책상 의자 수납함 침대 옷장,https://www.woozoo.kr/houses/211,https://dgdr.co.kr/upload/jijum/238342658_Gf6XysaH_20210923034736.jpg,홍대입구,동교동
27,27,65d83da0586d871d4e26c4f0,211호점,Room F,2,0,0.0,1000000,520000,홍대입구역,0,WIFI 에어컨 세탁기 냉장고 의자 테이블 청소기 wifi 정수기 밥솥 식탁 책상 의자 수납함 침대 옷장,https://www.woozoo.kr/houses/211,https://dgdr.co.kr/upload/jijum/238342658_Gf6XysaH_20210923034736.jpg,홍대입구,동교동
28,28,65d83dac586d871d4e26c4f1,201호점,Room A,2,0,7.0,1000000,490000,응암역,0,WIFI 에어컨 세탁기 냉장고 청소기 wifi 정수기 전자렌지 가스렌지 식탁 서랍장 책상 의자 침대 옷장,https://www.woozoo.kr/houses/201,https://dgdr.co.kr/upload/jijum/238342658_Gf6XysaH_20210923034736.jpg,응암,신사동
29,29,65d83dae586d871d4e26c4f2,201호점,Room B,2,0,7.0,1000000,490000,응암역,0,WIFI 에어컨 세탁기 냉장고 청소기 wifi 정수기 전자렌지 가스렌지 식탁 서랍장 책상 의자 침대 옷장,https://www.woozoo.kr/houses/201,https://dgdr.co.kr/upload/jijum/238342658_Gf6XysaH_20210923034736.jpg,응암,신사동
30,30,65d83db0586d871d4e26c4f3,201호점,Room C,2,0,7.0,1000000,490000,응암역,0,WIFI 에어컨 세탁기 냉장고 청소기 wifi 정수기 전자렌지 가스렌지 식탁 서랍장 책상 의자 침대 옷장,https://www.woozoo.kr/houses/201,https://dgdr.co.kr/upload/jijum/238342658_Gf6XysaH_20210923034736.jpg,응암,신사동
31,31,65d83db2586d871d4e26c4f4,201호점,Room D,2,0,9.0,1000000,510000,응암역,0,WIFI 에어컨 세탁기 냉장고 청소기 wifi 정수기 전자렌지 가스렌지 식탁 서랍장 책상 의자 침대 옷장,https://www.woozoo.kr/houses/201,https://dgdr.co.kr/upload/jijum/238342658_Gf6XysaH_20210923034736.jpg,응암,신사동
32,32,65d83dbd586d871d4e26c4f5,64호점,Room A,2,0,12.0,1000000,560000,숙대입구역,0,WIFI 에어컨 세탁기 냉장고 정수기 전자렌지 밥솥 가스렌지 식탁 빨래건조대 책상 의자 수납함 침대 옷장,https://www.woozoo.kr/houses/64,https://dgdr.co.kr/upload/jijum/238342658_Gf6XysaH_20210923034736.jpg,숙대입구,갈월동
33,33,65d83dbf586d871d4e26c4f6,64호점,Room B,2,1,13.0,1000000,440000,숙대입구역,0,WIFI 에어컨 세탁기 냉장고 정수기 전자렌지 밥솥 가스렌지 식탁 빨래건조대 책상 의자 수납함 침대 옷장,https://www.woozoo.kr/houses/64,https://dgdr.co.kr/upload/jijum/238342658_Gf6XysaH_20210923034736.jpg,숙대입구,갈월동
34,34,65d83dc1586d871d4e26c4f7,64호점,Room C,2,1,15.0,1000000,480000,숙대입구역,0,WIFI 에어컨 세탁기 냉장고 정수기 전자렌지 밥솥 가스렌지 식탁 빨래건조대 책상 의자 수납함 침대 옷장,https://www.woozoo.kr/houses/64,https://dgdr.co.kr/upload/jijum/238342658_Gf6XysaH_20210923034736.jpg,숙대입구,갈월동
35,35,65d83dc3586d871d4e26c4f8,64호점,Room D,2,1,11.0,1000000,420000,숙대입구역,0,WIFI 에어컨 세탁기 냉장고 정수기 전자렌지 밥솥 가스렌지 식탁 빨래건조대 책상 의자 수납함 침대 옷장,https://www.woozoo.kr/houses/64,https://dgdr.co.kr/upload/jijum/238342658_Gf6XysaH_20210923034736.jpg,숙대입구,갈월동
36,36,65d83dd1586d871d4e26c4f9,150호점,Room A,1,0,6.0,500000,500000,서울역,0,WIFI 에어컨 세탁기 냉장고 전자렌지 밥솥 가스렌지 식탁 빨래건조대 책상 의자 수납함 침대 옷장,https://www.woozoo.kr/houses/150,https://dgdr.co.kr/upload/jijum/238342658_Gf6XysaH_20210923034736.jpg,서울,남대문로5가
37,37,65d83dd3586d871d4e26c4fa,150호점,Room B,1,0,11.0,500000,580000,서울역,0,WIFI 에어컨 세탁기 냉장고 전자렌지 밥솥 가스렌지 식탁 빨래건조대 책상 의자 수납함 침대 옷장,https://www.woozoo.kr/houses/150,https://dgdr.co.kr/upload/jijum/238342658_Gf6XysaH_20210923034736.jpg,서울,남대문로5가
38,38,65d83dd5586d871d4e26c4fb,150호점,Room C,1,0,8.0,500000,560000,서울역,0,WIFI 에어컨 세탁기 냉장고 전자렌지 밥솥 가스렌지 식탁 빨래건조대 책상 의자 수납함 침대 옷장,https://www.woozoo.kr/houses/150,https://dgdr.co.kr/upload/jijum/238342658_Gf6XysaH_20210923034736.jpg,서울,남대문로5가
39,39,65d83de1586d871d4e26c4fc,102호점,Room A,2,0,6.7,500000,570000,숙대입구역,0,WIFI 에어컨 세탁기 냉장고 의자 테이블 청소기 빨래건조대 신발장 커튼 책장 wifi 정수기 전자렌지 밥솥 가스렌지 식탁 암막커텐 행거 책상 의자 수납함 침대 옷장,https://www.woozoo.kr/houses/102(266),https://dgdr.co.kr/upload/jijum/238342658_Gf6XysaH_20210923034736.jpg,숙대입구,갈월동
40,40,65d83de3586d871d4e26c4fd,102호점,Room B,2,0,6.9,500000,530000,숙대입구역,0,WIFI 에어컨 세탁기 냉장고 의자 테이블 청소기 빨래건조대 신발장 커튼 책장 wifi 정수기 전자렌지 밥솥 가스렌지 식탁 암막커텐 행거 책상 의자 수납함 침대 옷장,https://www.woozoo.kr/houses/102(266),https://dgdr.co.kr/upload/jijum/238342658_Gf6XysaH_20210923034736.jpg,숙대입구,갈월동
41,41,65d83de5586d871d4e26c4fe,102호점,Room C,2,0,7.7,500000,550000,숙대입구역,0,WIFI 에어컨 세탁기 냉장고 의자 테이블 청소기 빨래건조대 신발장 커튼 책장 wifi 정수기 전자렌지 밥솥 가스렌지 식탁 암막커텐 행거 책상 의자 수납함 침대 옷장,https://www.woozoo.kr/houses/102(266),https://dgdr.co.kr/upload/jijum/238342658_Gf6XysaH_20210923034736.jpg,숙대입구,갈월동
42,42,65d83de7586d871d4e26c4ff,102호점,Room D,2,0,8.3,500000,550000,숙대입구역,0,WIFI 에어컨 세탁기 냉장고 의자 테이블 청소기 빨래건조대 신발장 커튼 책장 wifi 정수기 전자렌지 밥솥 가스렌지 식탁 암막커텐 행거 책상 의자 수납함 침대 옷장,https://www.woozoo.kr/houses/102(266),https://dgdr.co.kr/upload/jijum/238342658_Gf6XysaH_20210923034736.jpg,숙대입구,갈월동
43,43,65d83de9586d871d4e26c500,102호점,Room E,2,0,8.3,500000,540000,숙대입구역,0,WIFI 에어컨 세탁기 냉장고 의자 테이블 청소기 빨래건조대 신발장 커튼 책장 wifi 정수기 전자렌지 밥솥 가스렌지 식탁 암막커텐 행거 책상 의자 수납함 침대 옷장,https://www.woozoo.kr/houses/102(266),https://dgdr.co.kr/upload/jijum/238342658_Gf6XysaH_20210923034736.jpg,숙대입구,갈월동
44,44,65d83df6586d871d4e26c501,227joy하우스,5호실,2,0,0.0,1000000,360000,신사역,0,WIFI 에어컨 세탁기 냉장고 정수기 전자렌지 가스렌지 식탁 책상 의자 수납함 침대 옷장,https://www.woozoo.kr/houses/227,https://dgdr.co.kr/upload/jijum/238342658_Gf6XysaH_20210923034736.jpg,신사,신사동
45,45,65d83df8586d871d4e26c502,227joy하우스,1호실,2,0,0.0,1000000,430000,신사역,0,WIFI 에어컨 세탁기 냉장고 정수기 전자렌지 가스렌지 식탁 책상 의자 수납함 침대 옷장,https://www.woozoo.kr/houses/227,https://dgdr.co.kr/upload/jijum/238342658_Gf6XysaH_20210923034736.jpg,신사,신사동
46,46,65d83dfa586d871d4e26c503,227joy하우스,2호실,2,1,0.0,900000,340000,신사역,0,WIFI 에어컨 세탁기 냉장고 정수기 전자렌지 가스렌지 식탁 책상 의자 수납함 침대 옷장,https://www.woozoo.kr/houses/227,https://dgdr.co.kr/upload/jijum/238342658_Gf6XysaH_20210923034736.jpg,신사,신사동
47,47,65d83e08586d871d4e26c504,308호점(동지),C,2,1,9.0,0,430000,동대입구역,0,WIFI 에어컨 세탁기 냉장고 전자렌지 가스렌지 식탁 빨래건조대 책상 침대 옷장,https://www.woozoo.kr/houses/308,https://dgdr.co.kr/upload/jijum/238342658_Gf6XysaH_20210923034736.jpg,동대입구,장충동2가
48,48,65d83e13586d871d4e26c505,165호점,Room A,2,0,8.5,1000000,520000,동대입구역,0,WIFI 에어컨 세탁기 냉장고 wifi 정수기 전자렌지 밥솥 가스렌지 식탁 빨래건조대 책상 의자 수납함 침대 옷장,https://www.woozoo.kr/houses/165,https://dgdr.co.kr/upload/jijum/238342658_Gf6XysaH_20210923034736.jpg,동대입구,장충동2가
49,49,65d83e15586d871d4e26c506,165호점,Room B,2,0,11.5,1000000,520000,동대입구역,0,WIFI 에어컨 세탁기 냉장고 wifi 정수기 전자렌지 밥솥 가스렌지 식탁 빨래건조대 책상 의자 수납함 침대 옷장,https://www.woozoo.kr/houses/165,https://dgdr.co.kr/upload/jijum/238342658_Gf6XysaH_20210923034736.jpg,동대입구,장충동2가
50,50,65d83e17586d871d4e26c507,165호점,Room C,2,1,14.5,1000000,380000,동대입구역,0,WIFI 에어컨 세탁기 냉장고 wifi 정수기 전자렌지 밥솥 가스렌지 식탁 빨래건조대 책상 의자 수납함 침대 옷장,https://www.woozoo.kr/houses/165,https://dgdr.co.kr/upload/jijum/238342658_Gf6XysaH_20210923034736.jpg,동대입구,장충동2가
51,51,65d83e22586d871d4e26c508,171호점,Room A,1,1,13.0,1000000,380000,동대입구역,0,WIFI 에어컨 세탁기 냉장고 wifi 정수기 전자렌지 밥솥 가스렌지 식탁 빨래건조대 책상 의자 수납함 침대 옷장,https://www.woozoo.kr/houses/171,https://dgdr.co.kr/upload/jijum/238342658_Gf6XysaH_20210923034736.jpg,동대입구,장충동2가
52,52,65d83e24586d871d4e26c509,171호점,Room B,1,0,7.0,1000000,520000,동대입구역,0,WIFI 에어컨 세탁기 냉장고 wifi 정수기 전자렌지 밥솥 가스렌지 식탁 빨래건조대 책상 의자 수납함 침대 옷장,https://www.woozoo.kr/houses/171,https://dgdr.co.kr/upload/jijum/238342658_Gf6XysaH_20210923034736.jpg,동대입구,장충동2가
53,53,65d83e26586d871d4e26c50a,171호점,Room C,1,0,7.0,1000000,520000,동대입구역,0,WIFI 에어컨 세탁기 냉장고 wifi 정수기 전자렌지 밥솥 가스렌지 식탁 빨래건조대 책상 의자 수납함 침대 옷장,https://www.woozoo.kr/houses/171,https://dgdr.co.kr/upload/jijum/238342658_Gf6XysaH_20210923034736.jpg,동대입구,장충동2가
54,54,65d83e31586d871d4e26c50b,276호점,Room A,2,0,0.0,0,462000,동대입구역,0,WIFI 에어컨 세탁기 냉장고 가스렌지 식탁 LED스탠드 수납함 침대 옷장,https://www.woozoo.kr/houses/276,https://dgdr.co.kr/upload/jijum/238342658_Gf6XysaH_20210923034736.jpg,동대입구,장충동2가
55,55,65d83e33586d871d4e26c50c,276호점,Room B,2,0,0.0,0,462000,동대입구역,0,WIFI 에어컨 세탁기 냉장고 가스렌지 식탁 LED스탠드 수납함 침대 옷장,https://www.woozoo.kr/houses/276,https://dgdr.co.kr/upload/jijum/238342658_Gf6XysaH_20210923034736.jpg,동대입구,장충동2가
56,56,65d83e3f586d871d4e26c50d,271호점,B,2,0,0.0,0,682000,신사역,0,WIFI 에어컨 세탁기 냉장고 가스렌지 식탁 의자 수납함 침대 옷장,https://www.woozoo.kr/houses/271,https://dgdr.co.kr/upload/jijum/238342658_Gf6XysaH_20210923034736.jpg,신사,신사동
57,57,65d83e41586d871d4e26c50e,271호점,C,2,0,0.0,0,660000,신사역,0,WIFI 에어컨 세탁기 냉장고 가스렌지 식탁 의자 수납함 침대 옷장,https://www.woozoo.kr/houses/271,https://dgdr.co.kr/upload/jijum/238342658_Gf6XysaH_20210923034736.jpg,신사,신사동
58,58,65d83e43586d871d4e26c50f,271호점,E2,2,0,0.0,0,638000,신사역,0,WIFI 에어컨 세탁기 냉장고 가스렌지 식탁 의자 수납함 침대 옷장,https://www.woozoo.kr/houses/271,https://dgdr.co.kr/upload/jijum/238342658_Gf6XysaH_20210923034736.jpg,신사,신사동
59,59,65d83e45586d871d4e26c510,271호점,E1,2,0,0.0,0,572000,신사역,0,WIFI 에어컨 세탁기 냉장고 가스렌지 식탁 의자 수납함 침대 옷장,https://www.woozoo.kr/houses/271,https://dgdr.co.kr/upload/jijum/238342658_Gf6XysaH_20210923034736.jpg,신사,신사동
60,60,65d83e47586d871d4e26c511,271호점,F2,2,1,0.0,0,528000,신사역,0,WIFI 에어컨 세탁기 냉장고 가스렌지 식탁 의자 수납함 침대 옷장,https://www.woozoo.kr/houses/271,https://dgdr.co.kr/upload/jijum/238342658_Gf6XysaH_20210923034736.jpg,신사,신사동
105,105,65d83ec1586d871d4e26c53e,215호점,Room A,2,0,0.0,1000000,450000,충무로역,0,WIFI 에어컨 세탁기 냉장고 에어컨 책상 침대 옷장,https://www.woozoo.kr/houses/215,https://dgdr.co.kr/upload/jijum/238342658_Gf6XysaH_20210923034736.jpg,충무로,필동2가
106,106,65d83ec3586d871d4e26c53f,215호점,Room B,2,0,0.0,1000000,500000,충무로역,0,WIFI 에어컨 세탁기 냉장고 에어컨 책상 침대 옷장,https://www.woozoo.kr/houses/215,https://dgdr.co.kr/upload/jijum/238342658_Gf6XysaH_20210923034736.jpg,충무로,필동2가
107,107,65d83ec5586d871d4e26c540,215호점,Room C,2,0,0.0,1000000,450000,충무로역,0,WIFI 에어컨 세탁기 냉장고 에어컨 책상 침대 옷장,https://www.woozoo.kr/houses/215,https://dgdr.co.kr/upload/jijum/238342658_Gf6XysaH_20210923034736.jpg,충무로,필동2가
108,108,65d83ec7586d871d4e26c541,215호점,Room D,2,0,0.0,1000000,500000,충무로역,0,WIFI 에어컨 세탁기 냉장고 에어컨 책상 침대 옷장,https://www.woozoo.kr/houses/215,https://dgdr.co.kr/upload/jijum/238342658_Gf6XysaH_20210923034736.jpg,충무로,필동2가
109,109,65d83ec9586d871d4e26c542,215호점,Room E,2,0,0.0,1000000,400000,충무로역,0,WIFI 에어컨 세탁기 냉장고 에어컨 책상 침대 옷장,https://www.woozoo.kr/houses/215,https://dgdr.co.kr/upload/jijum/238342658_Gf6XysaH_20210923034736.jpg,충무로,필동2가
110,110,65d83ecc586d871d4e26c543,215호점,Room F,2,0,0.0,1000000,550000,충무로역,0,WIFI 에어컨 세탁기 냉장고 에어컨 책상 침대 옷장,https://www.woozoo.kr/houses/215,https://dgdr.co.kr/upload/jijum/238342658_Gf6XysaH_20210923034736.jpg,충무로,필동2가
111,111,65d83ece586d871d4e26c544,215호점,Room G,2,0,0.0,1000000,450000,충무로역,0,WIFI 에어컨 세탁기 냉장고 에어컨 책상 침대 옷장,https://www.woozoo.kr/houses/215,https://dgdr.co.kr/upload/jijum/238342658_Gf6XysaH_20210923034736.jpg,충무로,필동2가
112,112,65d83edb586d871d4e26c545,183호점,Room A,2,0,8.0,1000000,560000,약수역,0,WIFI 에어컨 세탁기 냉장고 의류건조기 wifi 정수기 전자렌지 밥솥 가스렌지 식탁 책상 의자 수납함 침대 옷장,https://www.woozoo.kr/houses/183,https://dgdr.co.kr/upload/jijum/238342658_Gf6XysaH_20210923034736.jpg,약수,신당동
113,113,65d83edd586d871d4e26c546,183호점,Room B,2,0,9.0,1000000,580000,약수역,0,WIFI 에어컨 세탁기 냉장고 의류건조기 wifi 정수기 전자렌지 밥솥 가스렌지 식탁 책상 의자 수납함 침대 옷장,https://www.woozoo.kr/houses/183,https://dgdr.co.kr/upload/jijum/238342658_Gf6XysaH_20210923034736.jpg,약수,신당동
114,114,65d83edf586d871d4e26c547,183호점,Room C,2,1,18.0,1000000,420000,약수역,0,WIFI 에어컨 세탁기 냉장고 의류건조기 wifi 정수기 전자렌지 밥솥 가스렌지 식탁 책상 의자 수납함 침대 옷장,https://www.woozoo.kr/houses/183,https://dgdr.co.kr/upload/jijum/238342658_Gf6XysaH_20210923034736.jpg,약수,신당동
115,115,65d83eea586d871d4e26c548,270호점,B,2,0,0.0,0,660000,논현역,0,WIFI 에어컨 세탁기 냉장고 스탠드 조명 식탁 책상 의자 수납함 침대 옷장,https://www.woozoo.kr/houses/270,https://dgdr.co.kr/upload/jijum/238342658_Gf6XysaH_20210923034736.jpg,논현,논현동
116,116,65d83eec586d871d4e26c549,270호점,H,2,1,0.0,0,528000,논현역,0,WIFI 에어컨 세탁기 냉장고 스탠드 조명 식탁 책상 의자 수납함 침대 옷장,https://www.woozoo.kr/houses/270,https://dgdr.co.kr/upload/jijum/238342658_Gf6XysaH_20210923034736.jpg,논현,논현동
117,117,65d83eef586d871d4e26c54a,270호점,I,2,1,0.0,0,440000,논현역,0,WIFI 에어컨 세탁기 냉장고 스탠드 조명 식탁 책상 의자 수납함 침대 옷장,https://www.woozoo.kr/houses/270,https://dgdr.co.kr/upload/jijum/238342658_Gf6XysaH_20210923034736.jpg,논현,논현동
118,118,65d83ef1586d871d4e26c54b,270호점,J,2,1,0.0,0,451000,논현역,0,WIFI 에어컨 세탁기 냉장고 스탠드 조명 식탁 책상 의자 수납함 침대 옷장,https://www.woozoo.kr/houses/270,https://dgdr.co.kr/upload/jijum/238342658_Gf6XysaH_20210923034736.jpg,논현,논현동
119,119,65d83f00586d871d4e26c54c,207호점,Room A,2,0,8.0,1000000,570000,금호역,0,WIFI 에어컨 세탁기 냉장고 청소기 빨래건조대 신발장 wifi 정수기 전자렌지 밥솥 가스렌지 식탁 빨래건조대 책상 의자 수납함 침대 옷장,https://www.woozoo.kr/houses/207,https://dgdr.co.kr/upload/jijum/238342658_Gf6XysaH_20210923034736.jpg,금호,금호동4가
120,120,65d83f02586d871d4e26c54d,207호점,Room B,2,0,9.0,1000000,570000,금호역,0,WIFI 에어컨 세탁기 냉장고 청소기 빨래건조대 신발장 wifi 정수기 전자렌지 밥솥 가스렌지 식탁 빨래건조대 책상 의자 수납함 침대 옷장,https://www.woozoo.kr/houses/207,https://dgdr.co.kr/upload/jijum/238342658_Gf6XysaH_20210923034736.jpg,금호,금호동4가
121,121,65d83f04586d871d4e26c54e,207호점,Room C,2,0,10.0,1000000,570000,금호역,0,WIFI 에어컨 세탁기 냉장고 청소기 빨래건조대 신발장 wifi 정수기 전자렌지 밥솥 가스렌지 식탁 빨래건조대 책상 의자 수납함 침대 옷장,https://www.woozoo.kr/houses/207,https://dgdr.co.kr/upload/jijum/238342658_Gf6XysaH_20210923034736.jpg,금호,금호동4가
122,122,65d83f13586d871d4e26c54f,206호점,Room A,2,0,0.0,1000000,550000,금호역,0,WIFI 에어컨 세탁기 냉장고 청소기 빨래건조대 신발장 wifi 정수기 전자렌지 밥솥 가스렌지 식탁 빨래건조대 책상 의자 수납함 침대 옷장,https://www.woozoo.kr/houses/206,https://dgdr.co.kr/upload/jijum/238342658_Gf6XysaH_20210923034736.jpg,금호,금호동4가
123,123,65d83f15586d871d4e26c550,206호점,Room B,2,0,0.0,1000000,550000,금호역,0,WIFI 에어컨 세탁기 냉장고 청소기 빨래건조대 신발장 wifi 정수기 전자렌지 밥솥 가스렌지 식탁 빨래건조대 책상 의자 수납함 침대 옷장,https://www.woozoo.kr/houses/206,https://dgdr.co.kr/upload/jijum/238342658_Gf6XysaH_20210923034736.jpg,금호,금호동4가
124,124,65d83f18586d871d4e26c551,206호점,Room C,2,0,0.0,1000000,550000,금호역,0,WIFI 에어컨 세탁기 냉장고 청소기 빨래건조대 신발장 wifi 정수기 전자렌지 밥솥 가스렌지 식탁 빨래건조대 책상 의자 수납함 침대 옷장,https://www.woozoo.kr/houses/206,https://dgdr.co.kr/upload/jijum/238342658_Gf6XysaH_20210923034736.jpg,금호,금호동4가
125,125,65d83f25586d871d4e26c552,205호점,Room A,2,0,8.0,1000000,530000,금호역,0,WIFI 에어컨 세탁기 냉장고 청소기 신발장 wifi 정수기 전자렌지 밥솥 가스렌지 식탁 ,https://www.woozoo.kr/houses/205,https://dgdr.co.kr/upload/jijum/238342658_Gf6XysaH_20210923034736.jpg,금호,금호동4가
126,126,65d83f27586d871d4e26c553,205호점,Room B,2,0,9.0,1000000,530000,금호역,0,WIFI 에어컨 세탁기 냉장고 청소기 신발장 wifi 정수기 전자렌지 밥솥 가스렌지 식탁 ,https://www.woozoo.kr/houses/205,https://dgdr.co.kr/upload/jijum/238342658_Gf6XysaH_20210923034736.jpg,금호,금호동4가
127,127,65d83f29586d871d4e26c554,205호점,Room C,2,0,10.0,1000000,530000,금호역,0,WIFI 에어컨 세탁기 냉장고 청소기 신발장 wifi 정수기 전자렌지 밥솥 가스렌지 식탁 ,https://www.woozoo.kr/houses/205,https://dgdr.co.kr/upload/jijum/238342658_Gf6XysaH_20210923034736.jpg,금호,금호동4가
128,128,65d83f36586d871d4e26c555,101호점,Room A,2,1,11.0,1000000,440000,마포역,0,WIFI 에어컨 세탁기 냉장고 의자 책상 공용욕조 전신거울 스탠드 조명 테이블 청소기 빨래건조대 신발장 커튼 책장 wifi 정수기 전자렌지 밥솥 가스렌지 식탁 탁상스탠드 옷걸이 행거 서랍장 블라인드 책상 의자 수납함 침대 옷장,https://www.woozoo.kr/houses/101,https://dgdr.co.kr/upload/jijum/238342658_Gf6XysaH_20210923034736.jpg,마포,도화동
129,129,65d83f39586d871d4e26c556,101호점,Room B,2,1,16.0,1000000,500000,마포역,0,WIFI 에어컨 세탁기 냉장고 의자 책상 공용욕조 전신거울 스탠드 조명 테이블 청소기 빨래건조대 신발장 커튼 책장 wifi 정수기 전자렌지 밥솥 가스렌지 식탁 탁상스탠드 옷걸이 행거 서랍장 블라인드 책상 의자 수납함 침대 옷장,https://www.woozoo.kr/houses/101,https://dgdr.co.kr/upload/jijum/238342658_Gf6XysaH_20210923034736.jpg,마포,도화동
130,130,65d83f3b586d871d4e26c557,101호점,Room C,2,0,9.0,1000000,570000,마포역,0,WIFI 에어컨 세탁기 냉장고 의자 책상 공용욕조 전신거울 스탠드 조명 테이블 청소기 빨래건조대 신발장 커튼 책장 wifi 정수기 전자렌지 밥솥 가스렌지 식탁 탁상스탠드 옷걸이 행거 서랍장 블라인드 책상 의자 수납함 침대 옷장,https://www.woozoo.kr/houses/101,https://dgdr.co.kr/upload/jijum/238342658_Gf6XysaH_20210923034736.jpg,마포,도화동
139,139,65d83f66586d871d4e26c560,269호점,C,2,0,0.0,0,594000,논현역,0,WIFI 에어컨 세탁기 냉장고 전자렌지 가스렌지 식탁 책상 의자 수납함 침대 옷장,https://www.woozoo.kr/houses/269,https://dgdr.co.kr/upload/jijum/238342658_Gf6XysaH_20210923034736.jpg,논현,논현동
140,140,65d83f68586d871d4e26c561,269호점,D,2,0,0.0,0,594000,논현역,0,WIFI 에어컨 세탁기 냉장고 전자렌지 가스렌지 식탁 책상 의자 수납함 침대 옷장,https://www.woozoo.kr/houses/269,https://dgdr.co.kr/upload/jijum/238342658_Gf6XysaH_20210923034736.jpg,논현,논현동
141,141,65d83f6a586d871d4e26c562,269호점,E,2,1,0.0,0,528000,논현역,0,WIFI 에어컨 세탁기 냉장고 전자렌지 가스렌지 식탁 책상 의자 수납함 침대 옷장,https://www.woozoo.kr/houses/269,https://dgdr.co.kr/upload/jijum/238342658_Gf6XysaH_20210923034736.jpg,논현,논현동
145,145,65d83f87586d871d4e26c566,41호점,Room A,1,0,6.0,1000000,435000,교대역,0,WIFI 에어컨 세탁기 냉장고 정수기 전자렌지 밥솥 가스렌지 식탁 책상 의자 수납함 침대 옷장,https://www.woozoo.kr/houses/41,https://dgdr.co.kr/upload/jijum/238342658_Gf6XysaH_20210923034736.jpg,교대,서초동
146,146,65d83f89586d871d4e26c567,41호점,Room B,1,1,8.0,1000000,380000,교대역,0,WIFI 에어컨 세탁기 냉장고 정수기 전자렌지 밥솥 가스렌지 식탁 책상 의자 수납함 침대 옷장,https://www.woozoo.kr/houses/41,https://dgdr.co.kr/upload/jijum/238342658_Gf6XysaH_20210923034736.jpg,교대,서초동
147,147,65d83f94586d871d4e26c568,43호점,Room A,2,1,10.0,1000000,390000,교대역,0,WIFI 에어컨 세탁기 냉장고 정수기 전자렌지 밥솥 가스렌지 식탁 책상 의자 수납함 침대 옷장,https://www.woozoo.kr/houses/43,https://dgdr.co.kr/upload/jijum/238342658_Gf6XysaH_20210923034736.jpg,교대,서초동
148,148,65d83f96586d871d4e26c569,43호점,Room B,2,1,10.0,1000000,340000,교대역,0,WIFI 에어컨 세탁기 냉장고 정수기 전자렌지 밥솥 가스렌지 식탁 책상 의자 수납함 침대 옷장,https://www.woozoo.kr/houses/43,https://dgdr.co.kr/upload/jijum/238342658_Gf6XysaH_20210923034736.jpg,교대,서초동
149,149,65d83f99586d871d4e26c56a,43호점,Room C,2,1,12.0,1000000,370000,교대역,0,WIFI 에어컨 세탁기 냉장고 정수기 전자렌지 밥솥 가스렌지 식탁 책상 의자 수납함 침대 옷장,https://www.woozoo.kr/houses/43,https://dgdr.co.kr/upload/jijum/238342658_Gf6XysaH_20210923034736.jpg,교대,서초동
150,150,65d83f9b586d871d4e26c56b,43호점,Room D,2,1,20.0,1000000,410000,교대역,0,WIFI 에어컨 세탁기 냉장고 정수기 전자렌지 밥솥 가스렌지 식탁 책상 의자 수납함 침대 옷장,https://www.woozoo.kr/houses/43,https://dgdr.co.kr/upload/jijum/238342658_Gf6XysaH_20210923034736.jpg,교대,서초동
151,151,65d83f9d586d871d4e26c56c,43호점,Room E,2,1,10.0,1000000,350000,교대역,0,WIFI 에어컨 세탁기 냉장고 정수기 전자렌지 밥솥 가스렌지 식탁 책상 의자 수납함 침대 옷장,https://www.woozoo.kr/houses/43,https://dgdr.co.kr/upload/jijum/238342658_Gf6XysaH_20210923034736.jpg,교대,서초동
152,152,65d83fa8586d871d4e26c56d,42호점,Room A,1,0,6.0,1000000,425000,교대역,0,WIFI 에어컨 세탁기 냉장고 정수기 전자렌지 밥솥 가스렌지 식탁 책상 의자 수납함 침대 옷장,https://www.woozoo.kr/houses/42,https://dgdr.co.kr/upload/jijum/238342658_Gf6XysaH_20210923034736.jpg,교대,서초동
153,153,65d83faa586d871d4e26c56e,42호점,Room B,1,1,8.0,1000000,370000,교대역,0,WIFI 에어컨 세탁기 냉장고 정수기 전자렌지 밥솥 가스렌지 식탁 책상 의자 수납함 침대 옷장,https://www.woozoo.kr/houses/42,https://dgdr.co.kr/upload/jijum/238342658_Gf6XysaH_20210923034736.jpg,교대,서초동
154,154,65d83fb4586d871d4e26c56f,198호점,Room A,1,0,13.0,500000,636000,동대문역사문화공원역,0,WIFI 에어컨 세탁기 냉장고 드라이기 의류건조기 wifi 정수기 전자렌지 밥솥 가스렌지 식탁 수납장 에어컨 책상 의자 수납함 침대 옷장,https://www.woozoo.kr/houses/198(236),https://dgdr.co.kr/upload/jijum/238342658_Gf6XysaH_20210923034736.jpg,동대문,창신동
155,155,65d83fb6586d871d4e26c570,198호점,Room B,1,0,13.0,500000,636000,동대문역사문화공원역,0,WIFI 에어컨 세탁기 냉장고 드라이기 의류건조기 wifi 정수기 전자렌지 밥솥 가스렌지 식탁 수납장 에어컨 책상 의자 수납함 침대 옷장,https://www.woozoo.kr/houses/198(236),https://dgdr.co.kr/upload/jijum/238342658_Gf6XysaH_20210923034736.jpg,동대문,창신동
156,156,65d83fb8586d871d4e26c571,198호점,Room C,1,0,11.0,500000,636000,동대문역사문화공원역,0,WIFI 에어컨 세탁기 냉장고 드라이기 의류건조기 wifi 정수기 전자렌지 밥솥 가스렌지 식탁 수납장 에어컨 책상 의자 수납함 침대 옷장,https://www.woozoo.kr/houses/198(236),https://dgdr.co.kr/upload/jijum/238342658_Gf6XysaH_20210923034736.jpg,동대문,창신동
157,157,65d83fba586d871d4e26c572,198호점,Room D,1,1,14.0,500000,471000,동대문역사문화공원역,0,WIFI 에어컨 세탁기 냉장고 드라이기 의류건조기 wifi 정수기 전자렌지 밥솥 가스렌지 식탁 수납장 에어컨 책상 의자 수납함 침대 옷장,https://www.woozoo.kr/houses/198(236),https://dgdr.co.kr/upload/jijum/238342658_Gf6XysaH_20210923034736.jpg,동대문,창신동
158,158,65d83fbc586d871d4e26c573,198호점,Room E,1,1,17.0,500000,416000,동대문역사문화공원역,0,WIFI 에어컨 세탁기 냉장고 드라이기 의류건조기 wifi 정수기 전자렌지 밥솥 가스렌지 식탁 수납장 에어컨 책상 의자 수납함 침대 옷장,https://www.woozoo.kr/houses/198(236),https://dgdr.co.kr/upload/jijum/238342658_Gf6XysaH_20210923034736.jpg,동대문,창신동
159,159,65d83fc5586d871d4e26c574,196호점,Room A,2,0,13.0,500000,636000,동대문역사문화공원역,0,WIFI 에어컨 세탁기 냉장고 드라이기 의류건조기 wifi 정수기 전자렌지 밥솥 가스렌지 식탁 에어컨 책상 의자 수납함 침대 옷장,https://www.woozoo.kr/houses/196(236),https://dgdr.co.kr/upload/jijum/238342658_Gf6XysaH_20210923034736.jpg,동대문,창신동
160,160,65d83fc7586d871d4e26c575,196호점,Room B,2,0,13.0,500000,636000,동대문역사문화공원역,0,WIFI 에어컨 세탁기 냉장고 드라이기 의류건조기 wifi 정수기 전자렌지 밥솥 가스렌지 식탁 에어컨 책상 의자 수납함 침대 옷장,https://www.woozoo.kr/houses/196(236),https://dgdr.co.kr/upload/jijum/238342658_Gf6XysaH_20210923034736.jpg,동대문,창신동
161,161,65d83fc9586d871d4e26c576,196호점,Room C,2,0,11.0,500000,636000,동대문역사문화공원역,0,WIFI 에어컨 세탁기 냉장고 드라이기 의류건조기 wifi 정수기 전자렌지 밥솥 가스렌지 식탁 에어컨 책상 의자 수납함 침대 옷장,https://www.woozoo.kr/houses/196(236),https://dgdr.co.kr/upload/jijum/238342658_Gf6XysaH_20210923034736.jpg,동대문,창신동
162,162,65d83fcc586d871d4e26c577,196호점,Room D,2,1,14.0,500000,471000,동대문역사문화공원역,0,WIFI 에어컨 세탁기 냉장고 드라이기 의류건조기 wifi 정수기 전자렌지 밥솥 가스렌지 식탁 에어컨 책상 의자 수납함 침대 옷장,https://www.woozoo.kr/houses/196(236),https://dgdr.co.kr/upload/jijum/238342658_Gf6XysaH_20210923034736.jpg,동대문,창신동
163,163,65d83fce586d871d4e26c578,196호점,Room E,2,1,15.0,500000,471000,동대문역사문화공원역,0,WIFI 에어컨 세탁기 냉장고 드라이기 의류건조기 wifi 정수기 전자렌지 밥솥 가스렌지 식탁 에어컨 책상 의자 수납함 침대 옷장,https://www.woozoo.kr/houses/196(236),https://dgdr.co.kr/upload/jijum/238342658_Gf6XysaH_20210923034736.jpg,동대문,창신동
164,164,65d83fd7586d871d4e26c579,197호점,Room A,2,0,13.0,500000,636000,동대문역사문화공원역,0,WIFI 에어컨 세탁기 냉장고 드라이기 의류건조기 wifi 정수기 전자렌지 밥솥 가스렌지 식탁 서랍장 블라인드 에어컨 책상 의자 수납함 침대 옷장,https://www.woozoo.kr/houses/197(236),https://dgdr.co.kr/upload/jijum/238342658_Gf6XysaH_20210923034736.jpg,동대문,창신동
165,165,65d83fd9586d871d4e26c57a,197호점,Room B,2,0,13.0,500000,636000,동대문역사문화공원역,0,WIFI 에어컨 세탁기 냉장고 드라이기 의류건조기 wifi 정수기 전자렌지 밥솥 가스렌지 식탁 서랍장 블라인드 에어컨 책상 의자 수납함 침대 옷장,https://www.woozoo.kr/houses/197(236),https://dgdr.co.kr/upload/jijum/238342658_Gf6XysaH_20210923034736.jpg,동대문,창신동
166,166,65d83fdb586d871d4e26c57b,197호점,Room C,2,0,11.0,500000,636000,동대문역사문화공원역,0,WIFI 에어컨 세탁기 냉장고 드라이기 의류건조기 wifi 정수기 전자렌지 밥솥 가스렌지 식탁 서랍장 블라인드 에어컨 책상 의자 수납함 침대 옷장,https://www.woozoo.kr/houses/197(236),https://dgdr.co.kr/upload/jijum/238342658_Gf6XysaH_20210923034736.jpg,동대문,창신동
167,167,65d83fdd586d871d4e26c57c,197호점,Room D,2,1,14.0,500000,471000,동대문역사문화공원역,0,WIFI 에어컨 세탁기 냉장고 드라이기 의류건조기 wifi 정수기 전자렌지 밥솥 가스렌지 식탁 서랍장 블라인드 에어컨 책상 의자 수납함 침대 옷장,https://www.woozoo.kr/houses/197(236),https://dgdr.co.kr/upload/jijum/238342658_Gf6XysaH_20210923034736.jpg,동대문,창신동
168,168,65d83fdf586d871d4e26c57d,197호점,Room E,2,1,15.0,500000,471000,동대문역사문화공원역,0,WIFI 에어컨 세탁기 냉장고 드라이기 의류건조기 wifi 정수기 전자렌지 밥솥 가스렌지 식탁 서랍장 블라인드 에어컨 책상 의자 수납함 침대 옷장,https://www.woozoo.kr/houses/197(236),https://dgdr.co.kr/upload/jijum/238342658_Gf6XysaH_20210923034736.jpg,동대문,창신동
169,169,65d83fea586d871d4e26c57e,157호점,Room A,2,0,8.0,1000000,550000,숭실대입구역,0,WIFI 에어컨 세탁기 냉장고 wifi 정수기 전자렌지 밥솥 가스렌지 식탁 빨래건조대 책상 의자 수납함 침대 옷장,https://www.woozoo.kr/houses/157,https://dgdr.co.kr/upload/jijum/238342658_Gf6XysaH_20210923034736.jpg,숭실대입구,상도동
170,170,65d83fed586d871d4e26c57f,157호점,Room B,2,1,15.0,1000000,410000,숭실대입구역,0,WIFI 에어컨 세탁기 냉장고 wifi 정수기 전자렌지 밥솥 가스렌지 식탁 빨래건조대 책상 의자 수납함 침대 옷장,https://www.woozoo.kr/houses/157,https://dgdr.co.kr/upload/jijum/238342658_Gf6XysaH_20210923034736.jpg,숭실대입구,상도동
171,171,65d83fef586d871d4e26c580,157호점,Room C,2,1,13.0,1000000,410000,숭실대입구역,0,WIFI 에어컨 세탁기 냉장고 wifi 정수기 전자렌지 밥솥 가스렌지 식탁 빨래건조대 책상 의자 수납함 침대 옷장,https://www.woozoo.kr/houses/157,https://dgdr.co.kr/upload/jijum/238342658_Gf6XysaH_20210923034736.jpg,숭실대입구,상도동
192,192,65d8403c586d871d4e26c595,51호점,Room A,2,1,7.0,1000000,370000,낙성대역,0,WIFI 에어컨 세탁기 냉장고 정수기 전자렌지 밥솥 가스렌지 식탁 정수기 전자렌지 밥솥 가스렌지 식탁 빨래건조대 책상 의자 수납함 침대 옷장 빨래건조대 책상 의자 수납함 침대 옷장,https://www.woozoo.kr/houses/51,https://dgdr.co.kr/upload/jijum/238342658_Gf6XysaH_20210923034736.jpg,낙성대,봉천동
193,193,65d8403e586d871d4e26c596,51호점,Room B,2,1,9.0,1000000,400000,낙성대역,0,WIFI 에어컨 세탁기 냉장고 정수기 전자렌지 밥솥 가스렌지 식탁 정수기 전자렌지 밥솥 가스렌지 식탁 빨래건조대 책상 의자 수납함 침대 옷장 빨래건조대 책상 의자 수납함 침대 옷장,https://www.woozoo.kr/houses/51,https://dgdr.co.kr/upload/jijum/238342658_Gf6XysaH_20210923034736.jpg,낙성대,봉천동
194,194,65d84040586d871d4e26c597,51호점,Room C,2,1,8.0,1000000,410000,낙성대역,0,WIFI 에어컨 세탁기 냉장고 정수기 전자렌지 밥솥 가스렌지 식탁 정수기 전자렌지 밥솥 가스렌지 식탁 빨래건조대 책상 의자 수납함 침대 옷장 빨래건조대 책상 의자 수납함 침대 옷장,https://www.woozoo.kr/houses/51,https://dgdr.co.kr/upload/jijum/238342658_Gf6XysaH_20210923034736.jpg,낙성대,봉천동
195,195,65d84042586d871d4e26c598,51호점,Room D,2,0,6.0,1000000,470000,낙성대역,0,WIFI 에어컨 세탁기 냉장고 정수기 전자렌지 밥솥 가스렌지 식탁 정수기 전자렌지 밥솥 가스렌지 식탁 빨래건조대 책상 의자 수납함 침대 옷장 빨래건조대 책상 의자 수납함 침대 옷장,https://www.woozoo.kr/houses/51,https://dgdr.co.kr/upload/jijum/238342658_Gf6XysaH_20210923034736.jpg,낙성대,봉천동
196,196,65d84052586d871d4e26c599,125호점,Room A,2,0,10.4,1000000,550000,신촌역,0,WIFI 에어컨 세탁기 냉장고 의자 전신거울 스탠드 조명 테이블 청소기 빨래건조대 신발장 커튼 wifi 정수기 전자렌지 밥솥 가스렌지 식탁 옷걸이 서랍장 에어컨 책상 의자 수납함 침대 옷장,https://www.woozoo.kr/houses/125,https://dgdr.co.kr/upload/jijum/238342658_Gf6XysaH_20210923034736.jpg,신촌,노고산동
197,197,65d84054586d871d4e26c59a,125호점,Room B,2,0,6.2,1000000,500000,신촌역,0,WIFI 에어컨 세탁기 냉장고 의자 전신거울 스탠드 조명 테이블 청소기 빨래건조대 신발장 커튼 wifi 정수기 전자렌지 밥솥 가스렌지 식탁 옷걸이 서랍장 에어컨 책상 의자 수납함 침대 옷장,https://www.woozoo.kr/houses/125,https://dgdr.co.kr/upload/jijum/238342658_Gf6XysaH_20210923034736.jpg,신촌,노고산동
198,198,65d84056586d871d4e26c59b,125호점,Room C,2,0,7.4,1000000,530000,신촌역,0,WIFI 에어컨 세탁기 냉장고 의자 전신거울 스탠드 조명 테이블 청소기 빨래건조대 신발장 커튼 wifi 정수기 전자렌지 밥솥 가스렌지 식탁 옷걸이 서랍장 에어컨 책상 의자 수납함 침대 옷장,https://www.woozoo.kr/houses/125,https://dgdr.co.kr/upload/jijum/238342658_Gf6XysaH_20210923034736.jpg,신촌,노고산동
199,199,65d84058586d871d4e26c59c,125호점,Room D,2,0,8.4,1000000,540000,신촌역,0,WIFI 에어컨 세탁기 냉장고 의자 전신거울 스탠드 조명 테이블 청소기 빨래건조대 신발장 커튼 wifi 정수기 전자렌지 밥솥 가스렌지 식탁 옷걸이 서랍장 에어컨 책상 의자 수납함 침대 옷장,https://www.woozoo.kr/houses/125,https://dgdr.co.kr/upload/jijum/238342658_Gf6XysaH_20210923034736.jpg,신촌,노고산동
200,200,65d8405a586d871d4e26c59d,125호점,Room E,2,0,7.1,1000000,530000,신촌역,0,WIFI 에어컨 세탁기 냉장고 의자 전신거울 스탠드 조명 테이블 청소기 빨래건조대 신발장 커튼 wifi 정수기 전자렌지 밥솥 가스렌지 식탁 옷걸이 서랍장 에어컨 책상 의자 수납함 침대 옷장,https://www.woozoo.kr/houses/125,https://dgdr.co.kr/upload/jijum/238342658_Gf6XysaH_20210923034736.jpg,신촌,노고산동
201,201,65d8405c586d871d4e26c59e,125호점,Room F,2,0,8.6,1000000,540000,신촌역,0,WIFI 에어컨 세탁기 냉장고 의자 전신거울 스탠드 조명 테이블 청소기 빨래건조대 신발장 커튼 wifi 정수기 전자렌지 밥솥 가스렌지 식탁 옷걸이 서랍장 에어컨 책상 의자 수납함 침대 옷장,https://www.woozoo.kr/houses/125,https://dgdr.co.kr/upload/jijum/238342658_Gf6XysaH_20210923034736.jpg,신촌,노고산동
202,202,65d84068586d871d4e26c59f,124호점,Room A,2,0,8.9,1000000,510000,신촌역,0,WIFI 에어컨 세탁기 냉장고 의자 전신거울 스탠드 조명 테이블 청소기 빨래건조대 신발장 커튼 wifi 정수기 전자렌지 밥솥 가스렌지 식탁 옷걸이 서랍장 에어컨 책상 의자 수납함 침대 옷장,https://www.woozoo.kr/houses/124,https://dgdr.co.kr/upload/jijum/238342658_Gf6XysaH_20210923034736.jpg,신촌,노고산동
203,203,65d8406a586d871d4e26c5a0,124호점,Room B,2,0,7.2,1000000,490000,신촌역,0,WIFI 에어컨 세탁기 냉장고 의자 전신거울 스탠드 조명 테이블 청소기 빨래건조대 신발장 커튼 wifi 정수기 전자렌지 밥솥 가스렌지 식탁 옷걸이 서랍장 에어컨 책상 의자 수납함 침대 옷장,https://www.woozoo.kr/houses/124,https://dgdr.co.kr/upload/jijum/238342658_Gf6XysaH_20210923034736.jpg,신촌,노고산동
204,204,65d8406c586d871d4e26c5a1,124호점,Room C,2,0,7.6,1000000,500000,신촌역,0,WIFI 에어컨 세탁기 냉장고 의자 전신거울 스탠드 조명 테이블 청소기 빨래건조대 신발장 커튼 wifi 정수기 전자렌지 밥솥 가스렌지 식탁 옷걸이 서랍장 에어컨 책상 의자 수납함 침대 옷장,https://www.woozoo.kr/houses/124,https://dgdr.co.kr/upload/jijum/238342658_Gf6XysaH_20210923034736.jpg,신촌,노고산동
205,205,65d8406e586d871d4e26c5a2,124호점,Room D,2,0,7.8,1000000,500000,신촌역,0,WIFI 에어컨 세탁기 냉장고 의자 전신거울 스탠드 조명 테이블 청소기 빨래건조대 신발장 커튼 wifi 정수기 전자렌지 밥솥 가스렌지 식탁 옷걸이 서랍장 에어컨 책상 의자 수납함 침대 옷장,https://www.woozoo.kr/houses/124,https://dgdr.co.kr/upload/jijum/238342658_Gf6XysaH_20210923034736.jpg,신촌,노고산동
206,206,65d84070586d871d4e26c5a3,124호점,Room E,2,0,8.4,1000000,500000,신촌역,0,WIFI 에어컨 세탁기 냉장고 의자 전신거울 스탠드 조명 테이블 청소기 빨래건조대 신발장 커튼 wifi 정수기 전자렌지 밥솥 가스렌지 식탁 옷걸이 서랍장 에어컨 책상 의자 수납함 침대 옷장,https://www.woozoo.kr/houses/124,https://dgdr.co.kr/upload/jijum/238342658_Gf6XysaH_20210923034736.jpg,신촌,노고산동
207,207,65d84072586d871d4e26c5a4,124호점,Room F,2,0,7.9,1000000,500000,신촌역,0,WIFI 에어컨 세탁기 냉장고 의자 전신거울 스탠드 조명 테이블 청소기 빨래건조대 신발장 커튼 wifi 정수기 전자렌지 밥솥 가스렌지 식탁 옷걸이 서랍장 에어컨 책상 의자 수납함 침대 옷장,https://www.woozoo.kr/houses/124,https://dgdr.co.kr/upload/jijum/238342658_Gf6XysaH_20210923034736.jpg,신촌,노고산동
208,208,65d84074586d871d4e26c5a5,124호점,Room G,2,0,8.1,1000000,500000,신촌역,0,WIFI 에어컨 세탁기 냉장고 의자 전신거울 스탠드 조명 테이블 청소기 빨래건조대 신발장 커튼 wifi 정수기 전자렌지 밥솥 가스렌지 식탁 옷걸이 서랍장 에어컨 책상 의자 수납함 침대 옷장,https://www.woozoo.kr/houses/124,https://dgdr.co.kr/upload/jijum/238342658_Gf6XysaH_20210923034736.jpg,신촌,노고산동
209,209,65d8407f586d871d4e26c5a6,126호점,Room A,2,0,10.0,1000000,550000,신촌역,0,WIFI 에어컨 세탁기 냉장고 의자 전신거울 스탠드 조명 테이블 청소기 빨래건조대 신발장 커튼 wifi 정수기 전자렌지 밥솥 가스렌지 식탁 옷걸이 서랍장 에어컨 책상 의자 수납함 침대 옷장,https://www.woozoo.kr/houses/126,https://dgdr.co.kr/upload/jijum/238342658_Gf6XysaH_20210923034736.jpg,신촌,노고산동
210,210,65d84082586d871d4e26c5a7,126호점,Room B,2,0,7.4,1000000,510000,신촌역,0,WIFI 에어컨 세탁기 냉장고 의자 전신거울 스탠드 조명 테이블 청소기 빨래건조대 신발장 커튼 wifi 정수기 전자렌지 밥솥 가스렌지 식탁 옷걸이 서랍장 에어컨 책상 의자 수납함 침대 옷장,https://www.woozoo.kr/houses/126,https://dgdr.co.kr/upload/jijum/238342658_Gf6XysaH_20210923034736.jpg,신촌,노고산동
211,211,65d84084586d871d4e26c5a8,126호점,Room C,2,0,11.5,1000000,550000,신촌역,0,WIFI 에어컨 세탁기 냉장고 의자 전신거울 스탠드 조명 테이블 청소기 빨래건조대 신발장 커튼 wifi 정수기 전자렌지 밥솥 가스렌지 식탁 옷걸이 서랍장 에어컨 책상 의자 수납함 침대 옷장,https://www.woozoo.kr/houses/126,https://dgdr.co.kr/upload/jijum/238342658_Gf6XysaH_20210923034736.jpg,신촌,노고산동
212,212,65d84086586d871d4e26c5a9,126호점,Room D,2,0,15.0,1000000,560000,신촌역,0,WIFI 에어컨 세탁기 냉장고 의자 전신거울 스탠드 조명 테이블 청소기 빨래건조대 신발장 커튼 wifi 정수기 전자렌지 밥솥 가스렌지 식탁 옷걸이 서랍장 에어컨 책상 의자 수납함 침대 옷장,https://www.woozoo.kr/houses/126,https://dgdr.co.kr/upload/jijum/238342658_Gf6XysaH_20210923034736.jpg,신촌,노고산동
213,213,65d84088586d871d4e26c5aa,126호점,Room E,2,0,10.0,1000000,530000,신촌역,0,WIFI 에어컨 세탁기 냉장고 의자 전신거울 스탠드 조명 테이블 청소기 빨래건조대 신발장 커튼 wifi 정수기 전자렌지 밥솥 가스렌지 식탁 옷걸이 서랍장 에어컨 책상 의자 수납함 침대 옷장,https://www.woozoo.kr/houses/126,https://dgdr.co.kr/upload/jijum/238342658_Gf6XysaH_20210923034736.jpg,신촌,노고산동
214,214,65d8408a586d871d4e26c5ab,126호점,Room F,2,0,8.4,1000000,520000,신촌역,0,WIFI 에어컨 세탁기 냉장고 의자 전신거울 스탠드 조명 테이블 청소기 빨래건조대 신발장 커튼 wifi 정수기 전자렌지 밥솥 가스렌지 식탁 옷걸이 서랍장 에어컨 책상 의자 수납함 침대 옷장,https://www.woozoo.kr/houses/126,https://dgdr.co.kr/upload/jijum/238342658_Gf6XysaH_20210923034736.jpg,신촌,노고산동
215,215,65d8408c586d871d4e26c5ac,126호점,Room G,2,0,7.9,1000000,520000,신촌역,0,WIFI 에어컨 세탁기 냉장고 의자 전신거울 스탠드 조명 테이블 청소기 빨래건조대 신발장 커튼 wifi 정수기 전자렌지 밥솥 가스렌지 식탁 옷걸이 서랍장 에어컨 책상 의자 수납함 침대 옷장,https://www.woozoo.kr/houses/126,https://dgdr.co.kr/upload/jijum/238342658_Gf6XysaH_20210923034736.jpg,신촌,노고산동
216,216,65d84097586d871d4e26c5ad,팔판동집,201호,2,0,7.0,1000000,500000,신촌역,0,WIFI 에어컨 세탁기 냉장고 가스렌지 전자렌지 wifi 청소기 식탁 밥솥 정수기 책장 신발장 빨래건조대 취사도구 소파 토스터기 커피포트 침대 옷장 수납장 책상 의자,https://www.woozoo.kr/houses/40000577,https://dgdr.co.kr/upload/jijum/238342658_Gf6XysaH_20210923034736.jpg,신촌,노고산동
217,217,65d84099586d871d4e26c5ae,팔판동집,202호,2,0,7.0,1000000,500000,신촌역,0,WIFI 에어컨 세탁기 냉장고 가스렌지 전자렌지 wifi 청소기 식탁 밥솥 정수기 책장 신발장 빨래건조대 취사도구 소파 토스터기 커피포트 침대 옷장 수납장 책상 의자,https://www.woozoo.kr/houses/40000577,https://dgdr.co.kr/upload/jijum/238342658_Gf6XysaH_20210923034736.jpg,신촌,노고산동
218,218,65d8409c586d871d4e26c5af,팔판동집,203호,2,0,8.0,1000000,550000,신촌역,0,WIFI 에어컨 세탁기 냉장고 가스렌지 전자렌지 wifi 청소기 식탁 밥솥 정수기 책장 신발장 빨래건조대 취사도구 소파 토스터기 커피포트 침대 옷장 수납장 책상 의자,https://www.woozoo.kr/houses/40000577,https://dgdr.co.kr/upload/jijum/238342658_Gf6XysaH_20210923034736.jpg,신촌,노고산동
219,219,65d840a9586d871d4e26c5b0,151호점,Room A,2,0,9.0,1000000,540000,봉천역,0,WIFI 에어컨 세탁기 냉장고 wifi 정수기 전자렌지 밥솥 가스렌지 식탁 빨래건조대 책상 의자 수납함 침대 옷장,https://www.woozoo.kr/houses/151(258),https://dgdr.co.kr/upload/jijum/238342658_Gf6XysaH_20210923034736.jpg,봉천,봉천동
220,220,65d840ab586d871d4e26c5b1,151호점,Room B,2,0,11.0,1000000,540000,봉천역,0,WIFI 에어컨 세탁기 냉장고 wifi 정수기 전자렌지 밥솥 가스렌지 식탁 빨래건조대 책상 의자 수납함 침대 옷장,https://www.woozoo.kr/houses/151(258),https://dgdr.co.kr/upload/jijum/238342658_Gf6XysaH_20210923034736.jpg,봉천,봉천동
221,221,65d840ad586d871d4e26c5b2,151호점,Room C,2,0,8.0,1000000,540000,봉천역,0,WIFI 에어컨 세탁기 냉장고 wifi 정수기 전자렌지 밥솥 가스렌지 식탁 빨래건조대 책상 의자 수납함 침대 옷장,https://www.woozoo.kr/houses/151(258),https://dgdr.co.kr/upload/jijum/238342658_Gf6XysaH_20210923034736.jpg,봉천,봉천동
222,222,65d840b8586d871d4e26c5b3,161호점,Room A,2,0,8.0,1000000,490000,서울대입구역,0,WIFI 에어컨 세탁기 냉장고 wifi 정수기 전자렌지 밥솥 가스렌지 식탁 빨래건조대 책상 의자 수납함 침대 옷장,https://www.woozoo.kr/houses/161,https://dgdr.co.kr/upload/jijum/238342658_Gf6XysaH_20210923034736.jpg,서울대입구,봉천동
223,223,65d840ba586d871d4e26c5b4,161호점,Room B,2,0,9.0,1000000,490000,서울대입구역,0,WIFI 에어컨 세탁기 냉장고 wifi 정수기 전자렌지 밥솥 가스렌지 식탁 빨래건조대 책상 의자 수납함 침대 옷장,https://www.woozoo.kr/houses/161,https://dgdr.co.kr/upload/jijum/238342658_Gf6XysaH_20210923034736.jpg,서울대입구,봉천동
224,224,65d840bc586d871d4e26c5b5,161호점,Room C,2,0,9.0,1000000,470000,서울대입구역,0,WIFI 에어컨 세탁기 냉장고 wifi 정수기 전자렌지 밥솥 가스렌지 식탁 빨래건조대 책상 의자 수납함 침대 옷장,https://www.woozoo.kr/houses/161,https://dgdr.co.kr/upload/jijum/238342658_Gf6XysaH_20210923034736.jpg,서울대입구,봉천동
225,225,65d840bf586d871d4e26c5b6,161호점,Room D,2,0,9.0,1000000,450000,서울대입구역,0,WIFI 에어컨 세탁기 냉장고 wifi 정수기 전자렌지 밥솥 가스렌지 식탁 빨래건조대 책상 의자 수납함 침대 옷장,https://www.woozoo.kr/houses/161,https://dgdr.co.kr/upload/jijum/238342658_Gf6XysaH_20210923034736.jpg,서울대입구,봉천동
226,226,65d840c1586d871d4e26c5b7,161호점,Room E,2,0,9.0,1000000,470000,서울대입구역,0,WIFI 에어컨 세탁기 냉장고 wifi 정수기 전자렌지 밥솥 가스렌지 식탁 빨래건조대 책상 의자 수납함 침대 옷장,https://www.woozoo.kr/houses/161,https://dgdr.co.kr/upload/jijum/238342658_Gf6XysaH_20210923034736.jpg,서울대입구,봉천동
227,227,65d840c6586d871d4e26c5b8,287호점,301,2,0,4.9,1000000,510000,서울대입구역,0,WIFI 에어컨 세탁기 냉장고 밥솥 가스렌지 수납함 침대 옷장,https://www.woozoo.kr/houses/287,https://dgdr.co.kr/upload/jijum/238342658_Gf6XysaH_20210923034736.jpg,서울대입구,봉천동
228,228,65d840c8586d871d4e26c5b9,287호점,302,2,0,9.8,1000000,520000,서울대입구역,0,WIFI 에어컨 세탁기 냉장고 밥솥 가스렌지 수납함 침대 옷장,https://www.woozoo.kr/houses/287,https://dgdr.co.kr/upload/jijum/238342658_Gf6XysaH_20210923034736.jpg,서울대입구,봉천동
229,229,65d840ca586d871d4e26c5ba,287호점,303,2,0,4.9,1000000,500000,서울대입구역,0,WIFI 에어컨 세탁기 냉장고 밥솥 가스렌지 수납함 침대 옷장,https://www.woozoo.kr/houses/287,https://dgdr.co.kr/upload/jijum/238342658_Gf6XysaH_20210923034736.jpg,서울대입구,봉천동
230,230,65d840cc586d871d4e26c5bb,287호점,304,2,0,10.7,1000000,560000,서울대입구역,0,WIFI 에어컨 세탁기 냉장고 밥솥 가스렌지 수납함 침대 옷장,https://www.woozoo.kr/houses/287,https://dgdr.co.kr/upload/jijum/238342658_Gf6XysaH_20210923034736.jpg,서울대입구,봉천동
231,231,65d840ce586d871d4e26c5bc,287호점,305,2,0,10.7,1000000,540000,서울대입구역,0,WIFI 에어컨 세탁기 냉장고 밥솥 가스렌지 수납함 침대 옷장,https://www.woozoo.kr/houses/287,https://dgdr.co.kr/upload/jijum/238342658_Gf6XysaH_20210923034736.jpg,서울대입구,봉천동
232,232,65d840d0586d871d4e26c5bd,287호점,401,1,0,4.9,1000000,350000,서울대입구역,0,WIFI 에어컨 세탁기 냉장고 밥솥 가스렌지 수납함 침대 옷장,https://www.woozoo.kr/houses/287,https://dgdr.co.kr/upload/jijum/238342658_Gf6XysaH_20210923034736.jpg,서울대입구,봉천동
233,233,65d840d2586d871d4e26c5be,287호점,402,1,0,6.4,1000000,490000,서울대입구역,0,WIFI 에어컨 세탁기 냉장고 밥솥 가스렌지 수납함 침대 옷장,https://www.woozoo.kr/houses/287,https://dgdr.co.kr/upload/jijum/238342658_Gf6XysaH_20210923034736.jpg,서울대입구,봉천동
234,234,65d840d4586d871d4e26c5bf,287호점,403,1,0,9.7,1000000,500000,서울대입구역,0,WIFI 에어컨 세탁기 냉장고 밥솥 가스렌지 수납함 침대 옷장,https://www.woozoo.kr/houses/287,https://dgdr.co.kr/upload/jijum/238342658_Gf6XysaH_20210923034736.jpg,서울대입구,봉천동
235,235,65d840d7586d871d4e26c5c0,287호점,404,1,0,0.0,1000000,550000,서울대입구역,0,WIFI 에어컨 세탁기 냉장고 밥솥 가스렌지 수납함 침대 옷장,https://www.woozoo.kr/houses/287,https://dgdr.co.kr/upload/jijum/238342658_Gf6XysaH_20210923034736.jpg,서울대입구,봉천동
236,236,65d840d9586d871d4e26c5c1,287호점,405,1,0,10.7,1000000,540000,서울대입구역,0,WIFI 에어컨 세탁기 냉장고 밥솥 가스렌지 수납함 침대 옷장,https://www.woozoo.kr/houses/287,https://dgdr.co.kr/upload/jijum/238342658_Gf6XysaH_20210923034736.jpg,서울대입구,봉천동
237,237,65d840db586d871d4e26c5c2,287호점,501,2,0,10.7,1000000,530000,서울대입구역,0,WIFI 에어컨 세탁기 냉장고 밥솥 가스렌지 수납함 침대 옷장,https://www.woozoo.kr/houses/287,https://dgdr.co.kr/upload/jijum/238342658_Gf6XysaH_20210923034736.jpg,서울대입구,봉천동
238,238,65d840dd586d871d4e26c5c3,287호점,502,2,0,10.7,1000000,530000,서울대입구역,0,WIFI 에어컨 세탁기 냉장고 밥솥 가스렌지 수납함 침대 옷장,https://www.woozoo.kr/houses/287,https://dgdr.co.kr/upload/jijum/238342658_Gf6XysaH_20210923034736.jpg,서울대입구,봉천동
239,239,65d840df586d871d4e26c5c4,287호점,503,2,0,10.7,1000000,540000,서울대입구역,0,WIFI 에어컨 세탁기 냉장고 밥솥 가스렌지 수납함 침대 옷장,https://www.woozoo.kr/houses/287,https://dgdr.co.kr/upload/jijum/238342658_Gf6XysaH_20210923034736.jpg,서울대입구,봉천동
240,240,65d840f0586d871d4e26c5c5,173호점,Room A,2,0,7.3,500000,500000,서울대입구역,0,WIFI 에어컨 세탁기 냉장고 소파 청소기 신발장 정수기 전자렌지 밥솥 가스렌지 식탁 블라인드 에어컨 빨래건조대 책상 의자 수납함 침대 옷장,https://www.woozoo.kr/houses/173,https://dgdr.co.kr/upload/jijum/238342658_Gf6XysaH_20210923034736.jpg,서울대입구,봉천동
241,241,65d840f2586d871d4e26c5c6,173호점,Room B,2,1,12.9,500000,410000,서울대입구역,0,WIFI 에어컨 세탁기 냉장고 소파 청소기 신발장 정수기 전자렌지 밥솥 가스렌지 식탁 블라인드 에어컨 빨래건조대 책상 의자 수납함 침대 옷장,https://www.woozoo.kr/houses/173,https://dgdr.co.kr/upload/jijum/238342658_Gf6XysaH_20210923034736.jpg,서울대입구,봉천동
242,242,65d840f5586d871d4e26c5c7,173호점,Room C,2,1,12.2,500000,410000,서울대입구역,0,WIFI 에어컨 세탁기 냉장고 소파 청소기 신발장 정수기 전자렌지 밥솥 가스렌지 식탁 블라인드 에어컨 빨래건조대 책상 의자 수납함 침대 옷장,https://www.woozoo.kr/houses/173,https://dgdr.co.kr/upload/jijum/238342658_Gf6XysaH_20210923034736.jpg,서울대입구,봉천동
243,243,65d84100586d871d4e26c5c8,112호점,Room A,2,0,9.0,500000,500000,혜화역,0,WIFI 에어컨 세탁기 냉장고 의자 스탠드 조명 테이블 청소기 빨래건조대 신발장 커튼 책장 wifi 정수기 전자렌지 밥솥 가스렌지 식탁 서랍장 블라인드 의자 수납함 침대 옷장,https://www.woozoo.kr/houses/112(267),https://dgdr.co.kr/upload/jijum/238342658_Gf6XysaH_20210923034736.jpg,혜화,명륜4가
244,244,65d84102586d871d4e26c5c9,112호점,Room B,2,0,7.5,500000,500000,혜화역,0,WIFI 에어컨 세탁기 냉장고 의자 스탠드 조명 테이블 청소기 빨래건조대 신발장 커튼 책장 wifi 정수기 전자렌지 밥솥 가스렌지 식탁 서랍장 블라인드 의자 수납함 침대 옷장,https://www.woozoo.kr/houses/112(267),https://dgdr.co.kr/upload/jijum/238342658_Gf6XysaH_20210923034736.jpg,혜화,명륜4가
245,245,65d84104586d871d4e26c5ca,112호점,Room C,2,1,16.0,500000,400000,혜화역,0,WIFI 에어컨 세탁기 냉장고 의자 스탠드 조명 테이블 청소기 빨래건조대 신발장 커튼 책장 wifi 정수기 전자렌지 밥솥 가스렌지 식탁 서랍장 블라인드 의자 수납함 침대 옷장,https://www.woozoo.kr/houses/112(267),https://dgdr.co.kr/upload/jijum/238342658_Gf6XysaH_20210923034736.jpg,혜화,명륜4가
246,246,65d8410f586d871d4e26c5cb,113호점,Room A,2,0,9.0,500000,500000,혜화역,0,WIFI 에어컨 세탁기 냉장고 의자 테이블 청소기 빨래건조대 신발장 커튼 책장 wifi 정수기 전자렌지 밥솥 가스렌지 식탁 서랍장 블라인드 책상 의자 수납함 침대 옷장,https://www.woozoo.kr/houses/113(267),https://dgdr.co.kr/upload/jijum/238342658_Gf6XysaH_20210923034736.jpg,혜화,명륜4가
247,247,65d84111586d871d4e26c5cc,113호점,Room B,2,0,7.5,500000,500000,혜화역,0,WIFI 에어컨 세탁기 냉장고 의자 테이블 청소기 빨래건조대 신발장 커튼 책장 wifi 정수기 전자렌지 밥솥 가스렌지 식탁 서랍장 블라인드 책상 의자 수납함 침대 옷장,https://www.woozoo.kr/houses/113(267),https://dgdr.co.kr/upload/jijum/238342658_Gf6XysaH_20210923034736.jpg,혜화,명륜4가
248,248,65d84114586d871d4e26c5cd,113호점,Room C,2,1,16.0,500000,400000,혜화역,0,WIFI 에어컨 세탁기 냉장고 의자 테이블 청소기 빨래건조대 신발장 커튼 책장 wifi 정수기 전자렌지 밥솥 가스렌지 식탁 서랍장 블라인드 책상 의자 수납함 침대 옷장,https://www.woozoo.kr/houses/113(267),https://dgdr.co.kr/upload/jijum/238342658_Gf6XysaH_20210923034736.jpg,혜화,명륜4가
249,249,65d8411f586d871d4e26c5ce,111호점,Room A,2,0,9.0,500000,500000,혜화역,0,WIFI 에어컨 세탁기 냉장고 의자 전신거울 스탠드 조명 테이블 청소기 빨래건조대 신발장 커튼 wifi 정수기 전자렌지 밥솥 가스렌지 블라인드 책상 의자 수납함 침대 옷장,https://www.woozoo.kr/houses/111(267),https://dgdr.co.kr/upload/jijum/238342658_Gf6XysaH_20210923034736.jpg,혜화,명륜4가
250,250,65d84121586d871d4e26c5cf,111호점,Room B,2,0,7.5,500000,500000,혜화역,0,WIFI 에어컨 세탁기 냉장고 의자 전신거울 스탠드 조명 테이블 청소기 빨래건조대 신발장 커튼 wifi 정수기 전자렌지 밥솥 가스렌지 블라인드 책상 의자 수납함 침대 옷장,https://www.woozoo.kr/houses/111(267),https://dgdr.co.kr/upload/jijum/238342658_Gf6XysaH_20210923034736.jpg,혜화,명륜4가
251,251,65d84123586d871d4e26c5d0,111호점,Room C,2,1,16.0,500000,400000,혜화역,0,WIFI 에어컨 세탁기 냉장고 의자 전신거울 스탠드 조명 테이블 청소기 빨래건조대 신발장 커튼 wifi 정수기 전자렌지 밥솥 가스렌지 블라인드 책상 의자 수납함 침대 옷장,https://www.woozoo.kr/houses/111(267),https://dgdr.co.kr/upload/jijum/238342658_Gf6XysaH_20210923034736.jpg,혜화,명륜4가
252,252,65d8412e586d871d4e26c5d1,62호점,Room A,2,0,13.0,500000,570000,보문역,0,WIFI 에어컨 세탁기 냉장고 ,https://www.woozoo.kr/houses/62(265),https://dgdr.co.kr/upload/jijum/238342658_Gf6XysaH_20210923034736.jpg,보문,보문동1가
253,253,65d84130586d871d4e26c5d2,62호점,Room B,2,0,10.0,500000,560000,보문역,0,WIFI 에어컨 세탁기 냉장고 ,https://www.woozoo.kr/houses/62(265),https://dgdr.co.kr/upload/jijum/238342658_Gf6XysaH_20210923034736.jpg,보문,보문동1가
254,254,65d84132586d871d4e26c5d3,62호점,Room C,2,1,21.0,500000,460000,보문역,0,WIFI 에어컨 세탁기 냉장고 ,https://www.woozoo.kr/houses/62(265),https://dgdr.co.kr/upload/jijum/238342658_Gf6XysaH_20210923034736.jpg,보문,보문동1가
255,255,65d84134586d871d4e26c5d4,62호점,Room D,2,0,15.0,500000,580000,보문역,0,WIFI 에어컨 세탁기 냉장고 ,https://www.woozoo.kr/houses/62(265),https://dgdr.co.kr/upload/jijum/238342658_Gf6XysaH_20210923034736.jpg,보문,보문동1가
256,256,65d8413d586d871d4e26c5d5,286호점,Room A,2,0,4.0,0,600000,왕십리역,0,WIFI 에어컨 세탁기 냉장고 식탁 수납함 침대 옷장,https://www.woozoo.kr/houses/286,https://dgdr.co.kr/upload/jijum/238342658_Gf6XysaH_20210923034736.jpg,왕십리,하왕십리동
257,257,65d84140586d871d4e26c5d6,286호점,Room B,2,1,4.0,0,460000,왕십리역,0,WIFI 에어컨 세탁기 냉장고 식탁 수납함 침대 옷장,https://www.woozoo.kr/houses/286,https://dgdr.co.kr/upload/jijum/238342658_Gf6XysaH_20210923034736.jpg,왕십리,하왕십리동
258,258,65d84142586d871d4e26c5d7,286호점,Room C,2,1,4.0,0,440000,왕십리역,0,WIFI 에어컨 세탁기 냉장고 식탁 수납함 침대 옷장,https://www.woozoo.kr/houses/286,https://dgdr.co.kr/upload/jijum/238342658_Gf6XysaH_20210923034736.jpg,왕십리,하왕십리동
259,259,65d8414d586d871d4e26c5d8,134호점,Room A,2,1,11.0,1000000,380000,홍대입구역,0,WIFI 에어컨 세탁기 냉장고 wifi 정수기 전자렌지 밥솥 가스렌지 식탁 에어컨 빨래건조대 책상 의자 수납함 침대 옷장,https://www.woozoo.kr/houses/134,https://dgdr.co.kr/upload/jijum/238342658_Gf6XysaH_20210923034736.jpg,홍대입구,동교동
260,260,65d8414f586d871d4e26c5d9,134호점,Room B,2,0,8.0,1000000,510000,홍대입구역,0,WIFI 에어컨 세탁기 냉장고 wifi 정수기 전자렌지 밥솥 가스렌지 식탁 에어컨 빨래건조대 책상 의자 수납함 침대 옷장,https://www.woozoo.kr/houses/134,https://dgdr.co.kr/upload/jijum/238342658_Gf6XysaH_20210923034736.jpg,홍대입구,동교동
261,261,65d84151586d871d4e26c5da,134호점,Room C,2,0,9.0,1000000,540000,홍대입구역,0,WIFI 에어컨 세탁기 냉장고 wifi 정수기 전자렌지 밥솥 가스렌지 식탁 에어컨 빨래건조대 책상 의자 수납함 침대 옷장,https://www.woozoo.kr/houses/134,https://dgdr.co.kr/upload/jijum/238342658_Gf6XysaH_20210923034736.jpg,홍대입구,동교동
262,262,65d84153586d871d4e26c5db,134호점,Room D,2,0,8.8,1000000,510000,홍대입구역,0,WIFI 에어컨 세탁기 냉장고 wifi 정수기 전자렌지 밥솥 가스렌지 식탁 에어컨 빨래건조대 책상 의자 수납함 침대 옷장,https://www.woozoo.kr/houses/134,https://dgdr.co.kr/upload/jijum/238342658_Gf6XysaH_20210923034736.jpg,홍대입구,동교동
263,263,65d84160586d871d4e26c5dc,167호점,Room A,1,0,0.0,500000,500000,신림역,0,WIFI 에어컨 세탁기 냉장고 wifi 정수기 전자렌지 밥솥 가스렌지 식탁 에어컨 빨래건조대 책상 의자 수납함 침대 옷장,https://www.woozoo.kr/houses/167,https://dgdr.co.kr/upload/jijum/238342658_Gf6XysaH_20210923034736.jpg,신림,신림동
264,264,65d84162586d871d4e26c5dd,167호점,Room B,1,0,0.0,500000,600000,신림역,0,WIFI 에어컨 세탁기 냉장고 wifi 정수기 전자렌지 밥솥 가스렌지 식탁 에어컨 빨래건조대 책상 의자 수납함 침대 옷장,https://www.woozoo.kr/houses/167,https://dgdr.co.kr/upload/jijum/238342658_Gf6XysaH_20210923034736.jpg,신림,신림동
265,265,65d84165586d871d4e26c5de,167호점,Room C,1,0,0.0,500000,500000,신림역,0,WIFI 에어컨 세탁기 냉장고 wifi 정수기 전자렌지 밥솥 가스렌지 식탁 에어컨 빨래건조대 책상 의자 수납함 침대 옷장,https://www.woozoo.kr/houses/167,https://dgdr.co.kr/upload/jijum/238342658_Gf6XysaH_20210923034736.jpg,신림,신림동
266,266,65d84170586d871d4e26c5df,210호점,Room A,2,0,7.0,1000000,500000,전역,0,WIFI 에어컨 세탁기 냉장고 wifi 정수기 전자렌지 밥솥 가스렌지 식탁 책상 의자 수납함 침대 옷장,https://www.woozoo.kr/houses/210,https://dgdr.co.kr/upload/jijum/238342658_Gf6XysaH_20210923034736.jpg,전,잠실동
267,267,65d84172586d871d4e26c5e0,210호점,Room B,2,0,7.0,1000000,500000,전역,0,WIFI 에어컨 세탁기 냉장고 wifi 정수기 전자렌지 밥솥 가스렌지 식탁 책상 의자 수납함 침대 옷장,https://www.woozoo.kr/houses/210,https://dgdr.co.kr/upload/jijum/238342658_Gf6XysaH_20210923034736.jpg,전,잠실동
268,268,65d84174586d871d4e26c5e1,210호점,Room C,2,0,6.5,1000000,480000,전역,0,WIFI 에어컨 세탁기 냉장고 wifi 정수기 전자렌지 밥솥 가스렌지 식탁 책상 의자 수납함 침대 옷장,https://www.woozoo.kr/houses/210,https://dgdr.co.kr/upload/jijum/238342658_Gf6XysaH_20210923034736.jpg,전,잠실동
269,269,65d84176586d871d4e26c5e2,210호점,Room D,2,0,6.5,1000000,480000,전역,0,WIFI 에어컨 세탁기 냉장고 wifi 정수기 전자렌지 밥솥 가스렌지 식탁 책상 의자 수납함 침대 옷장,https://www.woozoo.kr/houses/210,https://dgdr.co.kr/upload/jijum/238342658_Gf6XysaH_20210923034736.jpg,전,잠실동
270,270,65d84178586d871d4e26c5e3,210호점,Room E,2,1,12.0,1000000,395000,전역,0,WIFI 에어컨 세탁기 냉장고 wifi 정수기 전자렌지 밥솥 가스렌지 식탁 책상 의자 수납함 침대 옷장,https://www.woozoo.kr/houses/210,https://dgdr.co.kr/upload/jijum/238342658_Gf6XysaH_20210923034736.jpg,전,잠실동
271,271,65d8417a586d871d4e26c5e4,210호점,Room F,2,1,12.0,1000000,415000,전역,0,WIFI 에어컨 세탁기 냉장고 wifi 정수기 전자렌지 밥솥 가스렌지 식탁 책상 의자 수납함 침대 옷장,https://www.woozoo.kr/houses/210,https://dgdr.co.kr/upload/jijum/238342658_Gf6XysaH_20210923034736.jpg,전,잠실동
309,309,65d841f9586d871d4e26c60a,142호점,Room A,2,0,10.0,1000000,560000,상수역,0,WIFI 에어컨 세탁기 냉장고 wifi 정수기 전자렌지 밥솥 가스렌지 식탁 빨래건조대 책상 의자 수납함 침대 옷장,https://www.woozoo.kr/houses/142,https://dgdr.co.kr/upload/jijum/238342658_Gf6XysaH_20210923034736.jpg,상수,상수동
310,310,65d841fb586d871d4e26c60b,142호점,Room B,2,0,8.0,1000000,540000,상수역,0,WIFI 에어컨 세탁기 냉장고 wifi 정수기 전자렌지 밥솥 가스렌지 식탁 빨래건조대 책상 의자 수납함 침대 옷장,https://www.woozoo.kr/houses/142,https://dgdr.co.kr/upload/jijum/238342658_Gf6XysaH_20210923034736.jpg,상수,상수동
311,311,65d841fd586d871d4e26c60c,142호점,Room C,2,1,14.0,1000000,420000,상수역,0,WIFI 에어컨 세탁기 냉장고 wifi 정수기 전자렌지 밥솥 가스렌지 식탁 빨래건조대 책상 의자 수납함 침대 옷장,https://www.woozoo.kr/houses/142,https://dgdr.co.kr/upload/jijum/238342658_Gf6XysaH_20210923034736.jpg,상수,상수동
312,312,65d841ff586d871d4e26c60d,142호점,Room D,2,0,9.0,1000000,510000,상수역,0,WIFI 에어컨 세탁기 냉장고 wifi 정수기 전자렌지 밥솥 가스렌지 식탁 빨래건조대 책상 의자 수납함 침대 옷장,https://www.woozoo.kr/houses/142,https://dgdr.co.kr/upload/jijum/238342658_Gf6XysaH_20210923034736.jpg,상수,상수동
348,348,65d8425b586d871d4e26c631,양재 쉐어하우스,A,2,1,10.0,0,450000,양재역,0,WIFI 에어컨 세탁기 냉장고 비데 의자 책상 커피포트 의류건조기 쇼파 빨래바구니 빨래걸이 전신거울 스탠드 조명 테이블 벤치 소파 취사도구 청소기 빨래건조대 신발장 커튼 책장 wifi 정수기 전자렌지 가스렌지 식탁 책장 탁상스탠드 옷걸이 행거 베란다 수납장 서랍장 블라인드 에어컨 빨래건조대 책상 의자 수납함 침대 옷장,https://www.woozoo.kr/houses/40000597,https://dgdr.co.kr/upload/jijum/238342658_Gf6XysaH_20210923034736.jpg,양재,서초동
349,349,65d8425d586d871d4e26c632,양재 쉐어하우스,B,2,1,9.0,0,430000,양재역,0,WIFI 에어컨 세탁기 냉장고 비데 의자 책상 커피포트 의류건조기 쇼파 빨래바구니 빨래걸이 전신거울 스탠드 조명 테이블 벤치 소파 취사도구 청소기 빨래건조대 신발장 커튼 책장 wifi 정수기 전자렌지 가스렌지 식탁 책장 탁상스탠드 옷걸이 행거 베란다 수납장 서랍장 블라인드 에어컨 빨래건조대 책상 의자 수납함 침대 옷장,https://www.woozoo.kr/houses/40000597,https://dgdr.co.kr/upload/jijum/238342658_Gf6XysaH_20210923034736.jpg,양재,서초동
350,350,65d8425f586d871d4e26c633,양재 쉐어하우스,C,2,0,7.0,0,450000,양재역,0,WIFI 에어컨 세탁기 냉장고 비데 의자 책상 커피포트 의류건조기 쇼파 빨래바구니 빨래걸이 전신거울 스탠드 조명 테이블 벤치 소파 취사도구 청소기 빨래건조대 신발장 커튼 책장 wifi 정수기 전자렌지 가스렌지 식탁 책장 탁상스탠드 옷걸이 행거 베란다 수납장 서랍장 블라인드 에어컨 빨래건조대 책상 의자 수납함 침대 옷장,https://www.woozoo.kr/houses/40000597,https://dgdr.co.kr/upload/jijum/238342658_Gf6XysaH_20210923034736.jpg,양재,서초동
351,351,65d8426c586d871d4e26c634,163호점,Room A,2,0,11.0,500000,480000,안암역,0,WIFI 에어컨 세탁기 냉장고 ,https://www.woozoo.kr/houses/163(285),https://dgdr.co.kr/upload/jijum/238342658_Gf6XysaH_20210923034736.jpg,안암,안암동5가
352,352,65d8426e586d871d4e26c635,163호점,Room B,2,0,11.4,500000,500000,안암역,0,WIFI 에어컨 세탁기 냉장고 ,https://www.woozoo.kr/houses/163(285),https://dgdr.co.kr/upload/jijum/238342658_Gf6XysaH_20210923034736.jpg,안암,안암동5가
353,353,65d84270586d871d4e26c636,163호점,Room C,2,0,7.5,500000,460000,안암역,0,WIFI 에어컨 세탁기 냉장고 ,https://www.woozoo.kr/houses/163(285),https://dgdr.co.kr/upload/jijum/238342658_Gf6XysaH_20210923034736.jpg,안암,안암동5가
354,354,65d84273586d871d4e26c637,163호점,Room D,2,0,8.0,500000,480000,안암역,0,WIFI 에어컨 세탁기 냉장고 ,https://www.woozoo.kr/houses/163(285),https://dgdr.co.kr/upload/jijum/238342658_Gf6XysaH_20210923034736.jpg,안암,안암동5가
355,355,65d8427e586d871d4e26c638,162호점,Room A,2,0,6.5,500000,470000,안암역,0,WIFI 에어컨 세탁기 냉장고 전자렌지 밥솥 가스렌지 식탁 빨래건조대 책상 의자 수납함 침대 옷장,https://www.woozoo.kr/houses/162(285),https://dgdr.co.kr/upload/jijum/238342658_Gf6XysaH_20210923034736.jpg,안암,안암동5가
356,356,65d84280586d871d4e26c639,162호점,Room B,2,0,5.8,500000,460000,안암역,0,WIFI 에어컨 세탁기 냉장고 전자렌지 밥솥 가스렌지 식탁 빨래건조대 책상 의자 수납함 침대 옷장,https://www.woozoo.kr/houses/162(285),https://dgdr.co.kr/upload/jijum/238342658_Gf6XysaH_20210923034736.jpg,안암,안암동5가
357,357,65d84282586d871d4e26c63a,162호점,Room C,2,0,10.0,500000,500000,안암역,0,WIFI 에어컨 세탁기 냉장고 전자렌지 밥솥 가스렌지 식탁 빨래건조대 책상 의자 수납함 침대 옷장,https://www.woozoo.kr/houses/162(285),https://dgdr.co.kr/upload/jijum/238342658_Gf6XysaH_20210923034736.jpg,안암,안암동5가
358,358,65d84284586d871d4e26c63b,162호점,Room D,2,0,8.0,500000,470000,안암역,0,WIFI 에어컨 세탁기 냉장고 전자렌지 밥솥 가스렌지 식탁 빨래건조대 책상 의자 수납함 침대 옷장,https://www.woozoo.kr/houses/162(285),https://dgdr.co.kr/upload/jijum/238342658_Gf6XysaH_20210923034736.jpg,안암,안암동5가
359,359,65d84286586d871d4e26c63c,162호점,Room E,2,0,9.0,500000,500000,안암역,0,WIFI 에어컨 세탁기 냉장고 전자렌지 밥솥 가스렌지 식탁 빨래건조대 책상 의자 수납함 침대 옷장,https://www.woozoo.kr/houses/162(285),https://dgdr.co.kr/upload/jijum/238342658_Gf6XysaH_20210923034736.jpg,안암,안암동5가
360,360,65d84288586d871d4e26c63d,162호점,Room F,2,0,13.3,500000,510000,안암역,0,WIFI 에어컨 세탁기 냉장고 전자렌지 밥솥 가스렌지 식탁 빨래건조대 책상 의자 수납함 침대 옷장,https://www.woozoo.kr/houses/162(285),https://dgdr.co.kr/upload/jijum/238342658_Gf6XysaH_20210923034736.jpg,안암,안암동5가
361,361,65d84293586d871d4e26c63e,304호점(단짠),Room A,2,0,11.0,0,605000,보문역,0,WIFI 에어컨 세탁기 냉장고 전자렌지 밥솥 가스렌지 식탁 빨래건조대 책상 의자 수납함 침대 옷장,https://www.woozoo.kr/houses/304,https://dgdr.co.kr/upload/jijum/238342658_Gf6XysaH_20210923034736.jpg,보문,보문동1가
362,362,65d84295586d871d4e26c63f,304호점(단짠),Room B,2,0,11.0,0,585000,보문역,0,WIFI 에어컨 세탁기 냉장고 전자렌지 밥솥 가스렌지 식탁 빨래건조대 책상 의자 수납함 침대 옷장,https://www.woozoo.kr/houses/304,https://dgdr.co.kr/upload/jijum/238342658_Gf6XysaH_20210923034736.jpg,보문,보문동1가
363,363,65d84297586d871d4e26c640,304호점(단짠),Room C,2,1,11.0,0,455000,보문역,0,WIFI 에어컨 세탁기 냉장고 전자렌지 밥솥 가스렌지 식탁 빨래건조대 책상 의자 수납함 침대 옷장,https://www.woozoo.kr/houses/304,https://dgdr.co.kr/upload/jijum/238342658_Gf6XysaH_20210923034736.jpg,보문,보문동1가
364,364,65d8429c586d871d4e26c641,298호점,102,2,0,9.0,0,440000,보문역,0,WIFI 에어컨 세탁기 냉장고 전자렌지 밥솥 가스렌지 식탁 책상 의자 수납함 침대 옷장,https://www.woozoo.kr/houses/298,https://dgdr.co.kr/upload/jijum/238342658_Gf6XysaH_20210923034736.jpg,보문,보문동1가
365,365,65d8429e586d871d4e26c642,298호점,104,2,0,9.0,0,420000,보문역,0,WIFI 에어컨 세탁기 냉장고 전자렌지 밥솥 가스렌지 식탁 책상 의자 수납함 침대 옷장,https://www.woozoo.kr/houses/298,https://dgdr.co.kr/upload/jijum/238342658_Gf6XysaH_20210923034736.jpg,보문,보문동1가
366,366,65d842a0586d871d4e26c643,298호점,105,2,0,9.0,0,430000,보문역,0,WIFI 에어컨 세탁기 냉장고 전자렌지 밥솥 가스렌지 식탁 책상 의자 수납함 침대 옷장,https://www.woozoo.kr/houses/298,https://dgdr.co.kr/upload/jijum/238342658_Gf6XysaH_20210923034736.jpg,보문,보문동1가
367,367,65d842a3586d871d4e26c644,298호점,106,2,0,9.0,0,420000,보문역,0,WIFI 에어컨 세탁기 냉장고 전자렌지 밥솥 가스렌지 식탁 책상 의자 수납함 침대 옷장,https://www.woozoo.kr/houses/298,https://dgdr.co.kr/upload/jijum/238342658_Gf6XysaH_20210923034736.jpg,보문,보문동1가
368,368,65d842b9586d871d4e26c645,224호점,A101,2,0,5.5,0,400000,신촌역,0,WIFI 에어컨 세탁기 냉장고 wifi 정수기 전자렌지 식탁 에어컨 책상 의자 수납함 침대 옷장,https://www.woozoo.kr/houses/224,https://dgdr.co.kr/upload/jijum/238342658_Gf6XysaH_20210923034736.jpg,신촌,노고산동
369,369,65d842bb586d871d4e26c646,224호점,A102,2,0,6.5,0,420000,신촌역,0,WIFI 에어컨 세탁기 냉장고 wifi 정수기 전자렌지 식탁 에어컨 책상 의자 수납함 침대 옷장,https://www.woozoo.kr/houses/224,https://dgdr.co.kr/upload/jijum/238342658_Gf6XysaH_20210923034736.jpg,신촌,노고산동
370,370,65d842be586d871d4e26c647,224호점,A103,2,0,6.5,0,410000,신촌역,0,WIFI 에어컨 세탁기 냉장고 wifi 정수기 전자렌지 식탁 에어컨 책상 의자 수납함 침대 옷장,https://www.woozoo.kr/houses/224,https://dgdr.co.kr/upload/jijum/238342658_Gf6XysaH_20210923034736.jpg,신촌,노고산동
371,371,65d842c0586d871d4e26c648,224호점,A104,2,0,7.0,0,410000,신촌역,0,WIFI 에어컨 세탁기 냉장고 wifi 정수기 전자렌지 식탁 에어컨 책상 의자 수납함 침대 옷장,https://www.woozoo.kr/houses/224,https://dgdr.co.kr/upload/jijum/238342658_Gf6XysaH_20210923034736.jpg,신촌,노고산동
372,372,65d842c2586d871d4e26c649,224호점,A105,2,0,7.5,0,430000,신촌역,0,WIFI 에어컨 세탁기 냉장고 wifi 정수기 전자렌지 식탁 에어컨 책상 의자 수납함 침대 옷장,https://www.woozoo.kr/houses/224,https://dgdr.co.kr/upload/jijum/238342658_Gf6XysaH_20210923034736.jpg,신촌,노고산동
373,373,65d842c4586d871d4e26c64a,224호점,A201,2,0,11.0,0,420000,신촌역,0,WIFI 에어컨 세탁기 냉장고 wifi 정수기 전자렌지 식탁 에어컨 책상 의자 수납함 침대 옷장,https://www.woozoo.kr/houses/224,https://dgdr.co.kr/upload/jijum/238342658_Gf6XysaH_20210923034736.jpg,신촌,노고산동
374,374,65d842c6586d871d4e26c64b,224호점,B101,2,0,7.0,0,450000,신촌역,0,WIFI 에어컨 세탁기 냉장고 wifi 정수기 전자렌지 식탁 에어컨 책상 의자 수납함 침대 옷장,https://www.woozoo.kr/houses/224,https://dgdr.co.kr/upload/jijum/238342658_Gf6XysaH_20210923034736.jpg,신촌,노고산동
375,375,65d842c8586d871d4e26c64c,224호점,B201,2,0,7.0,0,440000,신촌역,0,WIFI 에어컨 세탁기 냉장고 wifi 정수기 전자렌지 식탁 에어컨 책상 의자 수납함 침대 옷장,https://www.woozoo.kr/houses/224,https://dgdr.co.kr/upload/jijum/238342658_Gf6XysaH_20210923034736.jpg,신촌,노고산동
376,376,65d842ca586d871d4e26c64d,224호점,B202,2,0,7.5,0,430000,신촌역,0,WIFI 에어컨 세탁기 냉장고 wifi 정수기 전자렌지 식탁 에어컨 책상 의자 수납함 침대 옷장,https://www.woozoo.kr/houses/224,https://dgdr.co.kr/upload/jijum/238342658_Gf6XysaH_20210923034736.jpg,신촌,노고산동
377,377,65d842d5586d871d4e26c64e,305호점(소녀),Room A,2,1,10.0,0,585000,성신여대입구역,0,WIFI 에어컨 세탁기 냉장고 가스렌지 식탁 책상 의자 수납함 옷장,https://www.woozoo.kr/houses/305,https://dgdr.co.kr/upload/jijum/238342658_Gf6XysaH_20210923034736.jpg,성신여대입구,동선동4가
378,378,65d842d7586d871d4e26c64f,305호점(소녀),Room B,2,0,10.0,0,565000,성신여대입구역,0,WIFI 에어컨 세탁기 냉장고 가스렌지 식탁 책상 의자 수납함 옷장,https://www.woozoo.kr/houses/305,https://dgdr.co.kr/upload/jijum/238342658_Gf6XysaH_20210923034736.jpg,성신여대입구,동선동4가
379,379,65d842d9586d871d4e26c650,305호점(소녀),Room C,2,1,10.0,0,440000,성신여대입구역,0,WIFI 에어컨 세탁기 냉장고 가스렌지 식탁 책상 의자 수납함 옷장,https://www.woozoo.kr/houses/305,https://dgdr.co.kr/upload/jijum/238342658_Gf6XysaH_20210923034736.jpg,성신여대입구,동선동4가
383,383,65d842f6586d871d4e26c654,282호점,Room A,2,0,0.0,0,530000,홍제역,0,WIFI 에어컨 세탁기 냉장고 가스렌지 식탁 책상 의자 수납함 침대 옷장,https://www.woozoo.kr/houses/282,https://dgdr.co.kr/upload/jijum/238342658_Gf6XysaH_20210923034736.jpg,홍제,홍제동
384,384,65d842f8586d871d4e26c655,282호점,C,2,0,0.0,0,430000,홍제역,0,WIFI 에어컨 세탁기 냉장고 가스렌지 식탁 책상 의자 수납함 침대 옷장,https://www.woozoo.kr/houses/282,https://dgdr.co.kr/upload/jijum/238342658_Gf6XysaH_20210923034736.jpg,홍제,홍제동
385,385,65d842fd586d871d4e26c656,297호점,101,0,0,9.0,0,420000,홍제역,0,WIFI 에어컨 세탁기 냉장고 밥솥 가스렌지 식탁 책상 의자 수납함 침대 옷장,https://www.woozoo.kr/houses/297,https://dgdr.co.kr/upload/jijum/238342658_Gf6XysaH_20210923034736.jpg,홍제,홍제동
386,386,65d842ff586d871d4e26c657,297호점,102,0,0,9.0,0,420000,홍제역,0,WIFI 에어컨 세탁기 냉장고 밥솥 가스렌지 식탁 책상 의자 수납함 침대 옷장,https://www.woozoo.kr/houses/297,https://dgdr.co.kr/upload/jijum/238342658_Gf6XysaH_20210923034736.jpg,홍제,홍제동
387,387,65d84301586d871d4e26c658,297호점,103,0,0,9.0,0,420000,홍제역,0,WIFI 에어컨 세탁기 냉장고 밥솥 가스렌지 식탁 책상 의자 수납함 침대 옷장,https://www.woozoo.kr/houses/297,https://dgdr.co.kr/upload/jijum/238342658_Gf6XysaH_20210923034736.jpg,홍제,홍제동
388,388,65d84303586d871d4e26c659,297호점,104,0,0,9.0,0,440000,홍제역,0,WIFI 에어컨 세탁기 냉장고 밥솥 가스렌지 식탁 책상 의자 수납함 침대 옷장,https://www.woozoo.kr/houses/297,https://dgdr.co.kr/upload/jijum/238342658_Gf6XysaH_20210923034736.jpg,홍제,홍제동
389,389,65d84305586d871d4e26c65a,297호점,105,0,0,9.0,0,510000,홍제역,0,WIFI 에어컨 세탁기 냉장고 밥솥 가스렌지 식탁 책상 의자 수납함 침대 옷장,https://www.woozoo.kr/houses/297,https://dgdr.co.kr/upload/jijum/238342658_Gf6XysaH_20210923034736.jpg,홍제,홍제동
390,390,65d84307586d871d4e26c65b,297호점,106,0,0,9.0,0,420000,홍제역,0,WIFI 에어컨 세탁기 냉장고 밥솥 가스렌지 식탁 책상 의자 수납함 침대 옷장,https://www.woozoo.kr/houses/297,https://dgdr.co.kr/upload/jijum/238342658_Gf6XysaH_20210923034736.jpg,홍제,홍제동
391,391,65d8430a586d871d4e26c65c,297호점,107,0,0,9.0,0,410000,홍제역,0,WIFI 에어컨 세탁기 냉장고 밥솥 가스렌지 식탁 책상 의자 수납함 침대 옷장,https://www.woozoo.kr/houses/297,https://dgdr.co.kr/upload/jijum/238342658_Gf6XysaH_20210923034736.jpg,홍제,홍제동
392,392,65d8430c586d871d4e26c65d,297호점,201,0,1,9.0,0,900000,홍제역,0,WIFI 에어컨 세탁기 냉장고 밥솥 가스렌지 식탁 책상 의자 수납함 침대 옷장,https://www.woozoo.kr/houses/297,https://dgdr.co.kr/upload/jijum/238342658_Gf6XysaH_20210923034736.jpg,홍제,홍제동
393,393,65d8431b586d871d4e26c65e,75호점,Room A,1,1,14.0,1000000,420000,매봉역,0,WIFI 에어컨 세탁기 냉장고 ,https://www.woozoo.kr/houses/75,https://dgdr.co.kr/upload/jijum/238342658_Gf6XysaH_20210923034736.jpg,매봉,도곡동
394,394,65d8431d586d871d4e26c65f,75호점,Room B,1,0,6.0,1000000,520000,매봉역,0,WIFI 에어컨 세탁기 냉장고 ,https://www.woozoo.kr/houses/75,https://dgdr.co.kr/upload/jijum/238342658_Gf6XysaH_20210923034736.jpg,매봉,도곡동
395,395,65d8432c586d871d4e26c660,76호점,Room A,2,1,12.0,1000000,440000,매봉역,0,WIFI 에어컨 세탁기 냉장고 ,https://www.woozoo.kr/houses/76,https://dgdr.co.kr/upload/jijum/238342658_Gf6XysaH_20210923034736.jpg,매봉,도곡동
396,396,65d8432e586d871d4e26c661,76호점,Room B,2,0,10.0,1000000,580000,매봉역,0,WIFI 에어컨 세탁기 냉장고 ,https://www.woozoo.kr/houses/76,https://dgdr.co.kr/upload/jijum/238342658_Gf6XysaH_20210923034736.jpg,매봉,도곡동
397,397,65d84330586d871d4e26c662,76호점,Room C,2,0,9.0,1000000,540000,매봉역,0,WIFI 에어컨 세탁기 냉장고 ,https://www.woozoo.kr/houses/76,https://dgdr.co.kr/upload/jijum/238342658_Gf6XysaH_20210923034736.jpg,매봉,도곡동
398,398,65d8433b586d871d4e26c663,74호점,Room A,2,0,9.0,1000000,570000,매봉역,0,WIFI 에어컨 세탁기 냉장고 ,https://www.woozoo.kr/houses/74,https://dgdr.co.kr/upload/jijum/238342658_Gf6XysaH_20210923034736.jpg,매봉,도곡동
399,399,65d8433d586d871d4e26c664,74호점,Room B,2,1,15.0,1000000,440000,매봉역,0,WIFI 에어컨 세탁기 냉장고 ,https://www.woozoo.kr/houses/74,https://dgdr.co.kr/upload/jijum/238342658_Gf6XysaH_20210923034736.jpg,매봉,도곡동
404,404,65d8435a586d871d4e26c669,280호점,Room A,2,0,9.0,0,585000,영등포역,0,WIFI 에어컨 세탁기 냉장고 식탁 책상 의자 수납함 침대 옷장,https://www.woozoo.kr/houses/280,https://dgdr.co.kr/upload/jijum/238342658_Gf6XysaH_20210923034736.jpg,영등포,당산동3가
405,405,65d8435c586d871d4e26c66a,280호점,Room B,2,0,9.0,0,510000,영등포역,0,WIFI 에어컨 세탁기 냉장고 식탁 책상 의자 수납함 침대 옷장,https://www.woozoo.kr/houses/280,https://dgdr.co.kr/upload/jijum/238342658_Gf6XysaH_20210923034736.jpg,영등포,당산동3가
406,406,65d8435e586d871d4e26c66b,280호점,Room C,2,0,9.0,0,640000,영등포역,0,WIFI 에어컨 세탁기 냉장고 식탁 책상 의자 수납함 침대 옷장,https://www.woozoo.kr/houses/280,https://dgdr.co.kr/upload/jijum/238342658_Gf6XysaH_20210923034736.jpg,영등포,당산동3가
407,407,65d84369586d871d4e26c66c,306호점(아리),Room A,2,0,10.0,0,540000,영등포역,0,WIFI 에어컨 세탁기 냉장고 밥솥 가스렌지 식탁 책상 의자 수납함 침대 옷장,https://www.woozoo.kr/houses/306,https://dgdr.co.kr/upload/jijum/238342658_Gf6XysaH_20210923034736.jpg,영등포,당산동3가
408,408,65d8436b586d871d4e26c66d,306호점(아리),Room B,2,1,10.0,0,430000,영등포역,0,WIFI 에어컨 세탁기 냉장고 밥솥 가스렌지 식탁 책상 의자 수납함 침대 옷장,https://www.woozoo.kr/houses/306,https://dgdr.co.kr/upload/jijum/238342658_Gf6XysaH_20210923034736.jpg,영등포,당산동3가
409,409,65d8436e586d871d4e26c66e,306호점(아리),Room C,2,0,10.0,0,410000,영등포역,0,WIFI 에어컨 세탁기 냉장고 밥솥 가스렌지 식탁 책상 의자 수납함 침대 옷장,https://www.woozoo.kr/houses/306,https://dgdr.co.kr/upload/jijum/238342658_Gf6XysaH_20210923034736.jpg,영등포,당산동3가
410,410,65d84379586d871d4e26c66f,누누하우스,2호,2,0,13.0,400000,400000,영등포역,0,WIFI 에어컨 세탁기 냉장고 비데 의자 다리미 커피포트 드라이기 의류건조기 쇼파 빨래바구니 빨래걸이 테이블 소파 취사도구 청소기 빨래건조대 신발장 커튼 책장 wifi 정수기 전자렌지 밥솥 가스렌지 식탁 옷걸이 수납장 책상 의자 옷장,https://www.woozoo.kr/houses/40000572,https://dgdr.co.kr/upload/jijum/238342658_Gf6XysaH_20210923034736.jpg,영등포,당산동3가
411,411,65d84386586d871d4e26c670,91호점,Room A,2,0,5.0,1000000,490000,성수역,0,WIFI 에어컨 세탁기 냉장고 청소기 빨래건조대 신발장 wifi 정수기 전자렌지 밥솥 가스렌지 식탁 수납장 서랍장 책상 의자 수납함 침대 옷장,https://www.woozoo.kr/houses/91,https://dgdr.co.kr/upload/jijum/238342658_Gf6XysaH_20210923034736.jpg,성수,성수동2가
412,412,65d84388586d871d4e26c671,91호점,Room B,2,0,7.0,1000000,510000,성수역,0,WIFI 에어컨 세탁기 냉장고 청소기 빨래건조대 신발장 wifi 정수기 전자렌지 밥솥 가스렌지 식탁 수납장 서랍장 책상 의자 수납함 침대 옷장,https://www.woozoo.kr/houses/91,https://dgdr.co.kr/upload/jijum/238342658_Gf6XysaH_20210923034736.jpg,성수,성수동2가
413,413,65d8438a586d871d4e26c672,91호점,Room C,2,0,8.0,1000000,510000,성수역,0,WIFI 에어컨 세탁기 냉장고 청소기 빨래건조대 신발장 wifi 정수기 전자렌지 밥솥 가스렌지 식탁 수납장 서랍장 책상 의자 수납함 침대 옷장,https://www.woozoo.kr/houses/91,https://dgdr.co.kr/upload/jijum/238342658_Gf6XysaH_20210923034736.jpg,성수,성수동2가
414,414,65d8438c586d871d4e26c673,91호점,Room D,2,1,12.0,1000000,410000,성수역,0,WIFI 에어컨 세탁기 냉장고 청소기 빨래건조대 신발장 wifi 정수기 전자렌지 밥솥 가스렌지 식탁 수납장 서랍장 책상 의자 수납함 침대 옷장,https://www.woozoo.kr/houses/91,https://dgdr.co.kr/upload/jijum/238342658_Gf6XysaH_20210923034736.jpg,성수,성수동2가
415,415,65d84395586d871d4e26c674,90호점,Room A,2,1,10.0,1000000,350000,성수역,0,WIFI 에어컨 세탁기 냉장고 wifi 정수기 전자렌지 밥솥 가스렌지 식탁 빨래건조대 책상 의자 수납함 옷장,https://www.woozoo.kr/houses/90,https://dgdr.co.kr/upload/jijum/238342658_Gf6XysaH_20210923034736.jpg,성수,성수동2가
416,416,65d84397586d871d4e26c675,90호점,Room B,2,0,6.0,1000000,410000,성수역,0,WIFI 에어컨 세탁기 냉장고 wifi 정수기 전자렌지 밥솥 가스렌지 식탁 빨래건조대 책상 의자 수납함 옷장,https://www.woozoo.kr/houses/90,https://dgdr.co.kr/upload/jijum/238342658_Gf6XysaH_20210923034736.jpg,성수,성수동2가
417,417,65d84399586d871d4e26c676,90호점,Room C,2,0,5.0,1000000,390000,성수역,0,WIFI 에어컨 세탁기 냉장고 wifi 정수기 전자렌지 밥솥 가스렌지 식탁 빨래건조대 책상 의자 수납함 옷장,https://www.woozoo.kr/houses/90,https://dgdr.co.kr/upload/jijum/238342658_Gf6XysaH_20210923034736.jpg,성수,성수동2가
418,418,65d843a4586d871d4e26c677,257호점,Room A,2,0,15.0,1000000,560000,어린이대공원역,0,WIFI 에어컨 세탁기 냉장고 식탁 책상 의자 수납함 침대 옷장,https://www.woozoo.kr/houses/257,https://dgdr.co.kr/upload/jijum/238342658_Gf6XysaH_20210923034736.jpg,어린이대공원,화양동
419,419,65d843a6586d871d4e26c678,257호점,Room B,2,0,15.0,1000000,590000,어린이대공원역,0,WIFI 에어컨 세탁기 냉장고 식탁 책상 의자 수납함 침대 옷장,https://www.woozoo.kr/houses/257,https://dgdr.co.kr/upload/jijum/238342658_Gf6XysaH_20210923034736.jpg,어린이대공원,화양동
420,420,65d843a9586d871d4e26c679,257호점,Room C,2,1,15.0,1000000,420000,어린이대공원역,0,WIFI 에어컨 세탁기 냉장고 식탁 책상 의자 수납함 침대 옷장,https://www.woozoo.kr/houses/257,https://dgdr.co.kr/upload/jijum/238342658_Gf6XysaH_20210923034736.jpg,어린이대공원,화양동
421,421,65d843ab586d871d4e26c67a,257호점,Room D,2,1,15.0,1000000,420000,어린이대공원역,0,WIFI 에어컨 세탁기 냉장고 식탁 책상 의자 수납함 침대 옷장,https://www.woozoo.kr/houses/257,https://dgdr.co.kr/upload/jijum/238342658_Gf6XysaH_20210923034736.jpg,어린이대공원,화양동
422,422,65d843b3586d871d4e26c67b,250호점,Room A,2,0,15.0,1000000,540000,건대입구역,0,WIFI 에어컨 세탁기 냉장고 식탁 책상 의자 수납함 침대 옷장,https://www.woozoo.kr/houses/250,https://dgdr.co.kr/upload/jijum/238342658_Gf6XysaH_20210923034736.jpg,건대입구,화양동
423,423,65d843b6586d871d4e26c67c,250호점,Room B,2,0,15.0,1000000,520000,건대입구역,0,WIFI 에어컨 세탁기 냉장고 식탁 책상 의자 수납함 침대 옷장,https://www.woozoo.kr/houses/250,https://dgdr.co.kr/upload/jijum/238342658_Gf6XysaH_20210923034736.jpg,건대입구,화양동
424,424,65d843b8586d871d4e26c67d,250호점,Room C,2,1,15.0,1000000,390000,건대입구역,0,WIFI 에어컨 세탁기 냉장고 식탁 책상 의자 수납함 침대 옷장,https://www.woozoo.kr/houses/250,https://dgdr.co.kr/upload/jijum/238342658_Gf6XysaH_20210923034736.jpg,건대입구,화양동
425,425,65d843c3586d871d4e26c67e,127호점,Room A,2,0,7.0,1000000,520000,망원역,0,WIFI 에어컨 세탁기 냉장고 소파 wifi 정수기 전자렌지 밥솥 가스렌지 식탁 에어컨 책상 의자 수납함 침대 옷장,https://www.woozoo.kr/houses/127,https://dgdr.co.kr/upload/jijum/238342658_Gf6XysaH_20210923034736.jpg,망원,망원동
426,426,65d843c5586d871d4e26c67f,127호점,Room B,2,0,6.2,1000000,500000,망원역,0,WIFI 에어컨 세탁기 냉장고 소파 wifi 정수기 전자렌지 밥솥 가스렌지 식탁 에어컨 책상 의자 수납함 침대 옷장,https://www.woozoo.kr/houses/127,https://dgdr.co.kr/upload/jijum/238342658_Gf6XysaH_20210923034736.jpg,망원,망원동
427,427,65d843c7586d871d4e26c680,127호점,Room C,2,0,6.0,1000000,500000,망원역,0,WIFI 에어컨 세탁기 냉장고 소파 wifi 정수기 전자렌지 밥솥 가스렌지 식탁 에어컨 책상 의자 수납함 침대 옷장,https://www.woozoo.kr/houses/127,https://dgdr.co.kr/upload/jijum/238342658_Gf6XysaH_20210923034736.jpg,망원,망원동
428,428,65d843c9586d871d4e26c681,127호점,Room D,2,0,6.0,1000000,500000,망원역,0,WIFI 에어컨 세탁기 냉장고 소파 wifi 정수기 전자렌지 밥솥 가스렌지 식탁 에어컨 책상 의자 수납함 침대 옷장,https://www.woozoo.kr/houses/127,https://dgdr.co.kr/upload/jijum/238342658_Gf6XysaH_20210923034736.jpg,망원,망원동
429,429,65d843cb586d871d4e26c682,127호점,Room E,2,0,6.0,1000000,500000,망원역,0,WIFI 에어컨 세탁기 냉장고 소파 wifi 정수기 전자렌지 밥솥 가스렌지 식탁 에어컨 책상 의자 수납함 침대 옷장,https://www.woozoo.kr/houses/127,https://dgdr.co.kr/upload/jijum/238342658_Gf6XysaH_20210923034736.jpg,망원,망원동
430,430,65d843cd586d871d4e26c683,127호점,Room F,2,0,9.5,1000000,520000,망원역,0,WIFI 에어컨 세탁기 냉장고 소파 wifi 정수기 전자렌지 밥솥 가스렌지 식탁 에어컨 책상 의자 수납함 침대 옷장,https://www.woozoo.kr/houses/127,https://dgdr.co.kr/upload/jijum/238342658_Gf6XysaH_20210923034736.jpg,망원,망원동
431,431,65d843cf586d871d4e26c684,127호점,Room G,2,0,6.0,1000000,500000,망원역,0,WIFI 에어컨 세탁기 냉장고 소파 wifi 정수기 전자렌지 밥솥 가스렌지 식탁 에어컨 책상 의자 수납함 침대 옷장,https://www.woozoo.kr/houses/127,https://dgdr.co.kr/upload/jijum/238342658_Gf6XysaH_20210923034736.jpg,망원,망원동
432,432,65d843d1586d871d4e26c685,127호점,Room H,2,0,6.7,1000000,500000,망원역,0,WIFI 에어컨 세탁기 냉장고 소파 wifi 정수기 전자렌지 밥솥 가스렌지 식탁 에어컨 책상 의자 수납함 침대 옷장,https://www.woozoo.kr/houses/127,https://dgdr.co.kr/upload/jijum/238342658_Gf6XysaH_20210923034736.jpg,망원,망원동
433,433,65d843dc586d871d4e26c686,248호점,Room A,2,0,15.0,1000000,560000,건대입구역,0,WIFI 에어컨 세탁기 냉장고 식탁 수납함 침대 옷장,https://www.woozoo.kr/houses/248,https://dgdr.co.kr/upload/jijum/238342658_Gf6XysaH_20210923034736.jpg,건대입구,화양동
434,434,65d843de586d871d4e26c687,248호점,Room B,2,0,15.0,1000000,560000,건대입구역,0,WIFI 에어컨 세탁기 냉장고 식탁 수납함 침대 옷장,https://www.woozoo.kr/houses/248,https://dgdr.co.kr/upload/jijum/238342658_Gf6XysaH_20210923034736.jpg,건대입구,화양동
435,435,65d843e1586d871d4e26c688,248호점,Room C,2,0,15.0,1000000,520000,건대입구역,0,WIFI 에어컨 세탁기 냉장고 식탁 수납함 침대 옷장,https://www.woozoo.kr/houses/248,https://dgdr.co.kr/upload/jijum/238342658_Gf6XysaH_20210923034736.jpg,건대입구,화양동
436,436,65d843e3586d871d4e26c689,248호점,Room D,2,1,15.0,1000000,420000,건대입구역,0,WIFI 에어컨 세탁기 냉장고 식탁 수납함 침대 옷장,https://www.woozoo.kr/houses/248,https://dgdr.co.kr/upload/jijum/238342658_Gf6XysaH_20210923034736.jpg,건대입구,화양동
437,437,65d843ee586d871d4e26c68a,249호점,Room A,2,0,15.0,1000000,560000,건대입구역,0,WIFI 에어컨 세탁기 냉장고 식탁 책상 의자 수납함 침대 옷장,https://www.woozoo.kr/houses/249,https://dgdr.co.kr/upload/jijum/238342658_Gf6XysaH_20210923034736.jpg,건대입구,화양동
438,438,65d843f0586d871d4e26c68b,249호점,Room B,2,0,15.0,1000000,560000,건대입구역,0,WIFI 에어컨 세탁기 냉장고 식탁 책상 의자 수납함 침대 옷장,https://www.woozoo.kr/houses/249,https://dgdr.co.kr/upload/jijum/238342658_Gf6XysaH_20210923034736.jpg,건대입구,화양동
439,439,65d843f2586d871d4e26c68c,249호점,Room C,2,0,15.0,1000000,420000,건대입구역,0,WIFI 에어컨 세탁기 냉장고 식탁 책상 의자 수납함 침대 옷장,https://www.woozoo.kr/houses/249,https://dgdr.co.kr/upload/jijum/238342658_Gf6XysaH_20210923034736.jpg,건대입구,화양동
440,440,65d843f4586d871d4e26c68d,249호점,Room D,2,1,15.0,1000000,430000,건대입구역,0,WIFI 에어컨 세탁기 냉장고 식탁 책상 의자 수납함 침대 옷장,https://www.woozoo.kr/houses/249,https://dgdr.co.kr/upload/jijum/238342658_Gf6XysaH_20210923034736.jpg,건대입구,화양동
441,441,65d843ff586d871d4e26c68e,245호점,Room A,2,0,15.0,1000000,490000,어린이대공원역,0,WIFI 에어컨 세탁기 냉장고 전자렌지 가스렌지 식탁 책상 의자 수납함 침대 옷장,https://www.woozoo.kr/houses/245,https://dgdr.co.kr/upload/jijum/238342658_Gf6XysaH_20210923034736.jpg,어린이대공원,화양동
442,442,65d84401586d871d4e26c68f,245호점,Room B,2,1,15.0,1000000,420000,어린이대공원역,0,WIFI 에어컨 세탁기 냉장고 전자렌지 가스렌지 식탁 책상 의자 수납함 침대 옷장,https://www.woozoo.kr/houses/245,https://dgdr.co.kr/upload/jijum/238342658_Gf6XysaH_20210923034736.jpg,어린이대공원,화양동
443,443,65d84403586d871d4e26c690,245호점,Room C,2,1,15.0,1000000,400000,어린이대공원역,0,WIFI 에어컨 세탁기 냉장고 전자렌지 가스렌지 식탁 책상 의자 수납함 침대 옷장,https://www.woozoo.kr/houses/245,https://dgdr.co.kr/upload/jijum/238342658_Gf6XysaH_20210923034736.jpg,어린이대공원,화양동
444,444,65d8440e586d871d4e26c691,54호점,Room A,2,1,13.0,500000,495000,길음역,0,WIFI 에어컨 세탁기 냉장고 정수기 전자렌지 밥솥 가스렌지 식탁 빨래건조대 책상 의자 수납함 침대 옷장,https://www.woozoo.kr/houses/54,https://dgdr.co.kr/upload/jijum/238342658_Gf6XysaH_20210923034736.jpg,길음,길음동
445,445,65d84411586d871d4e26c692,54호점,Room B,2,1,14.0,500000,475000,길음역,0,WIFI 에어컨 세탁기 냉장고 정수기 전자렌지 밥솥 가스렌지 식탁 빨래건조대 책상 의자 수납함 침대 옷장,https://www.woozoo.kr/houses/54,https://dgdr.co.kr/upload/jijum/238342658_Gf6XysaH_20210923034736.jpg,길음,길음동
446,446,65d84413586d871d4e26c693,54호점,Room C,2,1,13.0,500000,455000,길음역,0,WIFI 에어컨 세탁기 냉장고 정수기 전자렌지 밥솥 가스렌지 식탁 빨래건조대 책상 의자 수납함 침대 옷장,https://www.woozoo.kr/houses/54,https://dgdr.co.kr/upload/jijum/238342658_Gf6XysaH_20210923034736.jpg,길음,길음동
451,451,65d84434586d871d4e26c698,273호점,A,2,0,0.0,0,572000,구로디지털단지역,0,WIFI 에어컨 세탁기 냉장고 가스렌지 식탁 책상 의자 수납함 침대 옷장,https://www.woozoo.kr/houses/273,https://dgdr.co.kr/upload/jijum/238342658_Gf6XysaH_20210923034736.jpg,구로디지털단지,구로동
452,452,65d84436586d871d4e26c699,273호점,B,2,0,0.0,0,605000,구로디지털단지역,0,WIFI 에어컨 세탁기 냉장고 가스렌지 식탁 책상 의자 수납함 침대 옷장,https://www.woozoo.kr/houses/273,https://dgdr.co.kr/upload/jijum/238342658_Gf6XysaH_20210923034736.jpg,구로디지털단지,구로동
453,453,65d84438586d871d4e26c69a,273호점,C,2,1,0.0,0,440000,구로디지털단지역,0,WIFI 에어컨 세탁기 냉장고 가스렌지 식탁 책상 의자 수납함 침대 옷장,https://www.woozoo.kr/houses/273,https://dgdr.co.kr/upload/jijum/238342658_Gf6XysaH_20210923034736.jpg,구로디지털단지,구로동
454,454,65d8443a586d871d4e26c69b,273호점,D,2,1,0.0,0,440000,구로디지털단지역,0,WIFI 에어컨 세탁기 냉장고 가스렌지 식탁 책상 의자 수납함 침대 옷장,https://www.woozoo.kr/houses/273,https://dgdr.co.kr/upload/jijum/238342658_Gf6XysaH_20210923034736.jpg,구로디지털단지,구로동
464,464,65d84477586d871d4e26c6a5,202호점,Room A,2,0,7.0,1000000,500000,응암역,0,WIFI 에어컨 세탁기 냉장고 청소기 빨래건조대 wifi 정수기 전자렌지 밥솥 가스렌지 식탁 서랍장 책상 의자 침대 옷장,https://www.woozoo.kr/houses/202,https://dgdr.co.kr/upload/jijum/238342658_Gf6XysaH_20210923034736.jpg,응암,신사동
465,465,65d84479586d871d4e26c6a6,202호점,Room B,2,0,7.0,1000000,500000,응암역,0,WIFI 에어컨 세탁기 냉장고 청소기 빨래건조대 wifi 정수기 전자렌지 밥솥 가스렌지 식탁 서랍장 책상 의자 침대 옷장,https://www.woozoo.kr/houses/202,https://dgdr.co.kr/upload/jijum/238342658_Gf6XysaH_20210923034736.jpg,응암,신사동
466,466,65d8447b586d871d4e26c6a7,202호점,Room C,2,0,7.0,1000000,500000,응암역,0,WIFI 에어컨 세탁기 냉장고 청소기 빨래건조대 wifi 정수기 전자렌지 밥솥 가스렌지 식탁 서랍장 책상 의자 침대 옷장,https://www.woozoo.kr/houses/202,https://dgdr.co.kr/upload/jijum/238342658_Gf6XysaH_20210923034736.jpg,응암,신사동
467,467,65d8447d586d871d4e26c6a8,202호점,Room D,2,0,9.0,1000000,510000,응암역,0,WIFI 에어컨 세탁기 냉장고 청소기 빨래건조대 wifi 정수기 전자렌지 밥솥 가스렌지 식탁 서랍장 책상 의자 침대 옷장,https://www.woozoo.kr/houses/202,https://dgdr.co.kr/upload/jijum/238342658_Gf6XysaH_20210923034736.jpg,응암,신사동
468,468,65d84486586d871d4e26c6a9,203호점,Room A,2,0,9.0,1000000,490000,응암역,0,WIFI 에어컨 세탁기 냉장고 청소기 신발장 wifi 정수기 전자렌지 밥솥 가스렌지 식탁 책상 의자 침대 옷장 서랍장,https://www.woozoo.kr/houses/203,https://dgdr.co.kr/upload/jijum/238342658_Gf6XysaH_20210923034736.jpg,응암,신사동
469,469,65d84488586d871d4e26c6aa,203호점,Room B,2,0,20.0,1000000,470000,응암역,0,WIFI 에어컨 세탁기 냉장고 청소기 신발장 wifi 정수기 전자렌지 밥솥 가스렌지 식탁 책상 의자 침대 옷장 서랍장,https://www.woozoo.kr/houses/203,https://dgdr.co.kr/upload/jijum/238342658_Gf6XysaH_20210923034736.jpg,응암,신사동
486,486,65d844c9586d871d4e26c6bb,212호점,Room A,2,0,10.0,1000000,500000,연신내역,0,WIFI 에어컨 세탁기 냉장고 침대 책상 서랍장 옷장,https://www.woozoo.kr/houses/212,https://dgdr.co.kr/upload/jijum/238342658_Gf6XysaH_20210923034736.jpg,연신내,갈현동
487,487,65d844cb586d871d4e26c6bc,212호점,Room B,2,1,17.0,1000000,420000,연신내역,0,WIFI 에어컨 세탁기 냉장고 침대 책상 서랍장 옷장,https://www.woozoo.kr/houses/212,https://dgdr.co.kr/upload/jijum/238342658_Gf6XysaH_20210923034736.jpg,연신내,갈현동
488,488,65d844ce586d871d4e26c6bd,212호점,Room C,2,0,9.0,1000000,500000,연신내역,0,WIFI 에어컨 세탁기 냉장고 침대 책상 서랍장 옷장,https://www.woozoo.kr/houses/212,https://dgdr.co.kr/upload/jijum/238342658_Gf6XysaH_20210923034736.jpg,연신내,갈현동
489,489,65d844d0586d871d4e26c6be,212호점,Room D,2,0,8.0,1000000,500000,연신내역,0,WIFI 에어컨 세탁기 냉장고 침대 책상 서랍장 옷장,https://www.woozoo.kr/houses/212,https://dgdr.co.kr/upload/jijum/238342658_Gf6XysaH_20210923034736.jpg,연신내,갈현동
490,490,65d844d7586d871d4e26c6bf,299호점,101,0,0,9.0,0,400000,수유역,0,WIFI 에어컨 세탁기 냉장고 가스렌지 식탁 책상 수납함 침대 옷장,https://www.woozoo.kr/houses/299,https://dgdr.co.kr/upload/jijum/238342658_Gf6XysaH_20210923034736.jpg,수유,수유동
491,491,65d844d9586d871d4e26c6c0,299호점,102,0,0,9.0,0,420000,수유역,0,WIFI 에어컨 세탁기 냉장고 가스렌지 식탁 책상 수납함 침대 옷장,https://www.woozoo.kr/houses/299,https://dgdr.co.kr/upload/jijum/238342658_Gf6XysaH_20210923034736.jpg,수유,수유동
492,492,65d844db586d871d4e26c6c1,299호점,103,0,0,9.0,0,420000,수유역,0,WIFI 에어컨 세탁기 냉장고 가스렌지 식탁 책상 수납함 침대 옷장,https://www.woozoo.kr/houses/299,https://dgdr.co.kr/upload/jijum/238342658_Gf6XysaH_20210923034736.jpg,수유,수유동
493,493,65d844dd586d871d4e26c6c2,299호점,104,0,0,9.0,0,420000,수유역,0,WIFI 에어컨 세탁기 냉장고 가스렌지 식탁 책상 수납함 침대 옷장,https://www.woozoo.kr/houses/299,https://dgdr.co.kr/upload/jijum/238342658_Gf6XysaH_20210923034736.jpg,수유,수유동
494,494,65d844df586d871d4e26c6c3,299호점,105,0,0,9.0,0,390000,수유역,0,WIFI 에어컨 세탁기 냉장고 가스렌지 식탁 책상 수납함 침대 옷장,https://www.woozoo.kr/houses/299,https://dgdr.co.kr/upload/jijum/238342658_Gf6XysaH_20210923034736.jpg,수유,수유동
495,495,65d844e1586d871d4e26c6c4,299호점,106,0,0,9.0,0,370000,수유역,0,WIFI 에어컨 세탁기 냉장고 가스렌지 식탁 책상 수납함 침대 옷장,https://www.woozoo.kr/houses/299,https://dgdr.co.kr/upload/jijum/238342658_Gf6XysaH_20210923034736.jpg,수유,수유동
