_id,title,roomName,gender,roomType,py,deposit,rentFee,region,brandType,roomOption,url,imgUrl
65dd9ebfd872d6f0c7de317f,월세 125/125,월세 125/125,공용,그 외,34㎡,125만원,125만원,서울시 서초구 서초동 1338-20,일반사업자,벽걸이형\n침대\n옷장\n식탁\n쇼파\n신발장\n냉장고\n세탁기\n샤워부스\n싱크대\n가스레인지\n전자레인지\nTV\n붙박이장\n화재경보기\n경비원\n비디오폰\n인터폰\nCCTV\n사설경비\n현관보안\n방범창,https://www.dabangapp.com/room/65cae337a0b5f81ef36465c1,https://d1774jszgerdmk.cloudfront.net/1024/uCtHEMbF1I79lfPgIhws5
65dd9ec2d872d6f0c7de3180,,,공용,그 외,,1000만원,73만원,,일반사업자,\n,https://www.dabangapp.com/room/65d01e7ab559cf7b72dcf51f,https://d1774jszgerdmk.cloudfront.net/1024/uCtHEMbF1I79lfPgIhws5
65dd9ec6d872d6f0c7de3181,,,공용,1인실,,100만원,85만원,,일반사업자,벽걸이형\n침대\n책상\n옷장\n식탁\n신발장\n냉장고\n세탁기\n싱크대\n인덕션\n전자레인지\nTV\n붙박이장\n화재경보기\n비디오폰\n인터폰\nCCTV\n현관보안\n방범창,https://www.dabangapp.com/room/6593b5c8b9fc8a7ae0130e5d,https://d1774jszgerdmk.cloudfront.net/1024/uCtHEMbF1I79lfPgIhws5
65dd9ecad872d6f0c7de3182,월세 300/250,월세 300/250,공용,그 외,42.1㎡,300만원,250만원,"서울시 서초구 서초동 1445-1번지 외1필지, 1동",일반사업자,천장형\n침대\n책상\n옷장\n식탁\n쇼파\n신발장\n냉장고\n세탁기\n샤워부스\n비데\n싱크대\n인덕션\n전자레인지\nTV\n붙박이장\n화재경보기\n무인택배함\n경비원\n비디오폰\n인터폰\n카드키\nCCTV\n사설경비\n현관보안,https://www.dabangapp.com/room/65d567170c12f413e6ed0de2,https://d1774jszgerdmk.cloudfront.net/1024/uCtHEMbF1I79lfPgIhws5
65dd9ecdd872d6f0c7de3183,월세 1000/65,월세 1000/65,공용,1인실,19.8㎡,1000만원,65만원,서울특별시 서초구 서초동,일반사업자,벽걸이형\n옷장\n신발장\n냉장고\n세탁기\n샤워부스\n싱크대\n인덕션\n붙박이장\n화재경보기\n인터폰\nCCTV\n현관보안\n방범창,https://www.dabangapp.com/room/65dd90c0050035098cebcbe5,https://d1774jszgerdmk.cloudfront.net/1024/uCtHEMbF1I79lfPgIhws5
65dd9ed1d872d6f0c7de3184,월세 1000/65,월세 1000/65,공용,그 외,19.8㎡,140만원,140만원,서울특별시 서초구 서초동,일반사업자,벽걸이형\n침대\n책상\n옷장\n식탁\n쇼파\n신발장\n냉장고\n세탁기\n샤워부스\n싱크대\n가스레인지\n전자레인지\nTV\n붙박이장\n화재경보기\n경비원\n비디오폰\n인터폰\nCCTV\n현관보안\n방범창,https://www.dabangapp.com/room/65dd859295594322fa42b564,https://d1774jszgerdmk.cloudfront.net/1024/uCtHEMbF1I79lfPgIhws5
65dd9ed5d872d6f0c7de3185,월세 1000/65,월세 1000/65,공용,1인실,19.8㎡,1000만원,90만원,서울특별시 서초구 서초동,일반사업자,벽걸이형\n옷장\n신발장\n냉장고\n세탁기\n싱크대\n인덕션\n붙박이장\n마당\n인터폰,https://www.dabangapp.com/room/65d7239af7beea16ffc432f4,https://d1774jszgerdmk.cloudfront.net/1024/uCtHEMbF1I79lfPgIhws5
65dd9ed8d872d6f0c7de3186,월세 2000/80,월세 2000/80,공용,그 외,39.66㎡,2000만원,80만원,서울특별시 서초구 서초동,일반사업자,벽걸이형\n신발장\n냉장고\n가스레인지\n현관보안,https://www.dabangapp.com/room/65c312641045a9426345141c,https://d1774jszgerdmk.cloudfront.net/1024/uCtHEMbF1I79lfPgIhws5
65dd9edcd872d6f0c7de3187,월세 200/200,월세 200/200,공용,그 외,49.58㎡,200만원,200만원,서울특별시 서초구 서초동,일반사업자,스탠드형\n침대\n책상\n옷장\n식탁\n쇼파\n신발장\n냉장고\n세탁기\n싱크대\n가스레인지\n전자레인지\nTV\n붙박이장\n화재경보기\n비디오폰\nCCTV\n현관보안,https://www.dabangapp.com/room/65d09485bd20ae1e37482941,https://d1774jszgerdmk.cloudfront.net/1024/uCtHEMbF1I79lfPgIhws5
65dd9ee0d872d6f0c7de3188,월세 3000/200,월세 3000/200,공용,그 외,42.1㎡,3000만원,200만원,"서울시 서초구 서초동 1445-1번지 외1필지, 1동",일반사업자,천장형\n침대\n옷장\n식탁\n신발장\n냉장고\n세탁기\n샤워부스\n욕조\n싱크대\n인덕션\n전자레인지\n화재경보기\n경비원\n비디오폰\n인터폰\n카드키\nCCTV\n사설경비\n현관보안\n방범창,https://www.dabangapp.com/room/659baccb783be418b80aaa71,https://d1774jszgerdmk.cloudfront.net/1024/uCtHEMbF1I79lfPgIhws5
65dd9ee3d872d6f0c7de3189,,,공용,그 외,,200만원,110만원,,일반사업자,천장형\n침대\n책상\n옷장\n식탁\n쇼파\n신발장\n냉장고\n세탁기\n샤워부스\n싱크대\n인덕션\n전자레인지\nTV\n붙박이장\n화재경보기\n경비원\n비디오폰\n인터폰\n카드키\nCCTV\n현관보안\n방범창,https://www.dabangapp.com/room/65bdef31341ddd0aea838827,https://d1774jszgerdmk.cloudfront.net/1024/uCtHEMbF1I79lfPgIhws5
65dd9ee7d872d6f0c7de318a,월세 2000/170,월세 2000/170,공용,그 외,23.85㎡,2000만원,170만원,서울시 서초구 서초동 1699-2,일반사업자,천장형\n신발장\n냉장고\n세탁기\n샤워부스\n비데\n싱크대\n인덕션\n가스오븐\n붙박이장\n비디오폰\n카드키\n현관보안,https://www.dabangapp.com/room/65d56e2bcc428e7b0b86dd68,https://d1774jszgerdmk.cloudfront.net/1024/uCtHEMbF1I79lfPgIhws5
65dd9eebd872d6f0c7de318b,월세 2000/85,월세 2000/85,공용,1인실,43.41㎡,2000만원,85만원,서울특별시 서초구 서초동,일반사업자,벽걸이형\n신발장\n냉장고\n세탁기\n싱크대\n인덕션\n붙박이장\n마당\n인터폰,https://www.dabangapp.com/room/65d722f86cc2cb0f0ed416b0,https://d1774jszgerdmk.cloudfront.net/1024/uCtHEMbF1I79lfPgIhws5
65dd9eeed872d6f0c7de318c,월세 2000/180,월세 2000/180,공용,그 외,42.1㎡,2000만원,180만원,"서울시 서초구 서초동 1445-1번지 외1필지, 1동",일반사업자,\n,https://www.dabangapp.com/room/65c4616002590762c1148f30,https://d1774jszgerdmk.cloudfront.net/1024/uCtHEMbF1I79lfPgIhws5
65dd9ef2d872d6f0c7de318d,월세 2000/180,월세 2000/180,공용,그 외,42.1㎡,1000만원,120만원,"서울시 서초구 서초동 1445-1번지 외1필지, 1동",일반사업자,\n,https://www.dabangapp.com/room/65d40556bbcdc31c7d6a124f,https://d1774jszgerdmk.cloudfront.net/1024/uCtHEMbF1I79lfPgIhws5
65dd9ef6d872d6f0c7de318e,,,공용,그 외,,100만원,100만원,,일반사업자,벽걸이형\n침대\n옷장\n신발장\n냉장고\n세탁기\n가스레인지\n전자레인지\nTV\n경비원\nCCTV\n현관보안,https://www.dabangapp.com/room/65b715921ff9ee529a95d708,https://d1774jszgerdmk.cloudfront.net/1024/uCtHEMbF1I79lfPgIhws5
65dd9efad872d6f0c7de318f,월세 3000/230,월세 3000/230,공용,그 외,42.1㎡,3000만원,230만원,서울시 서초구 서초동 1445-1번지 외1필지,일반사업자,천장형\n신발장\n냉장고\n세탁기\n샤워부스\n비데\n싱크대\n인덕션\n전자레인지\n붙박이장\n화재경보기\n비디오폰\n카드키\nCCTV,https://www.dabangapp.com/room/65a5ef57cf245e5e552563fd,https://d1774jszgerdmk.cloudfront.net/1024/uCtHEMbF1I79lfPgIhws5
65dd9efdd872d6f0c7de3190,월세 3000/230,월세 3000/230,공용,그 외,42.1㎡,3000만원,230만원,서울시 서초구 서초동 1445-1번지 외1필지,일반사업자,천장형\n식탁\n신발장\n냉장고\n세탁기\n샤워부스\n비데\n싱크대\n인덕션\n가스오븐\n붙박이장\n화재경보기\n경비원\n비디오폰\n인터폰\n카드키\nCCTV\n현관보안,https://www.dabangapp.com/room/65d830afdd88d84649636e38,https://d1774jszgerdmk.cloudfront.net/1024/uCtHEMbF1I79lfPgIhws5
65dd9f01d872d6f0c7de3191,월세 200/115,월세 200/115,공용,그 외,19.84㎡,200만원,115만원,서울시 서초구 서초동 1303-7,일반사업자,천장형\n침대\n신발장\n냉장고\n세탁기\n샤워부스\n싱크대\n인덕션\n전자레인지\nTV\n붙박이장\n무인택배함\n경비원\n비디오폰\nCCTV\n현관보안,https://www.dabangapp.com/room/65d4715c16c1fa725278556d,https://d1774jszgerdmk.cloudfront.net/1024/uCtHEMbF1I79lfPgIhws5
65dd9f05d872d6f0c7de3192,월세 1000/300,월세 1000/300,공용,그 외,47.04㎡,1000만원,300만원,서울시 서초구 서초동 1591-6,일반사업자,천장형\n침대\n책상\n옷장\n식탁\n쇼파\n신발장\n냉장고\n세탁기\n샤워부스\n비데\n싱크대\n인덕션\n전자레인지\n가스오븐\nTV\n붙박이장\n화재경보기\n테라스\n비디오폰\n카드키\nCCTV,https://www.dabangapp.com/room/65c18f4b5cae3f13420a2068,https://d1774jszgerdmk.cloudfront.net/1024/uCtHEMbF1I79lfPgIhws5
65dd9f09d872d6f0c7de3193,월세 1000/300,월세 1000/300,공용,그 외,47.04㎡,1000만원,300만원,서울시 서초구 서초동 1591-6,일반사업자,벽걸이형\n천장형\n침대\n책상\n옷장\n식탁\n쇼파\n신발장\n냉장고\n세탁기\n샤워부스\n싱크대\n인덕션\nTV\n붙박이장\n화재경보기\n비디오폰\n인터폰\nCCTV\n사설경비\n현관보안,https://www.dabangapp.com/room/65dc1480a82e9f3df27a8dc6,https://d1774jszgerdmk.cloudfront.net/1024/uCtHEMbF1I79lfPgIhws5
65dd9f0cd872d6f0c7de3194,월세 1000/300,월세 1000/300,공용,그 외,47.04㎡,1000만원,300만원,서울시 서초구 서초동 1591-6,일반사업자,천장형\n옷장\n식탁\n신발장\n냉장고\n세탁기\n샤워부스\n욕조\n비데\n싱크대\n인덕션\n전자레인지\n붙박이장\n화재경보기\n무인택배함\n경비원\n비디오폰\n인터폰\n카드키\nCCTV\n사설경비\n현관보안\n방범창,https://www.dabangapp.com/room/65d4037ccf992d1c7d26aca1,https://d1774jszgerdmk.cloudfront.net/1024/uCtHEMbF1I79lfPgIhws5
65dd9f10d872d6f0c7de3195,월세 2000/45,월세 2000/45,공용,1인실,23.14㎡,2000만원,45만원,서울특별시 서초구 서초동,일반사업자,벽걸이형\n신발장\n냉장고\n세탁기\n싱크대\n인덕션\n전자레인지\n현관보안,https://www.dabangapp.com/room/65dbfbe8bb9e3f69dfba89a5,https://d1774jszgerdmk.cloudfront.net/1024/uCtHEMbF1I79lfPgIhws5
65dd9f14d872d6f0c7de3196,,,공용,그 외,,4000만원,350만원,,일반사업자,천장형\n옷장\n식탁\n신발장\n냉장고\n세탁기\n건조기\n샤워부스\n비데\n싱크대\n식기세척기\n가스레인지\n인덕션\n전자레인지\n가스오븐\nTV\n붙박이장\n화재경보기\n베란다\n무인택배함\n경비원\n비디오폰\n인터폰\n카드키\nCCTV\n사설경비\n현관보안\n방범창,https://www.dabangapp.com/room/65cb4175fd747950d96139e1,https://d1774jszgerdmk.cloudfront.net/1024/uCtHEMbF1I79lfPgIhws5
65dd9f21d872d6f0c7de3197,월세 5000/350,월세 5000/350,공용,그 외,52.74㎡,5000만원,350만원,서울특별시 서초구 서초동,일반사업자,천장형\n식탁\n신발장\n냉장고\n세탁기\n건조기\n샤워부스\n싱크대\n인덕션\n화재경보기\n베란다\n비디오폰\n인터폰\n카드키\nCCTV\n현관보안\n방범창,https://www.dabangapp.com/room/65c2fa52fb4f711ccef663e7,https://d1774jszgerdmk.cloudfront.net/1024/uCtHEMbF1I79lfPgIhws5
65dd9f25d872d6f0c7de3198,월세 150/100,월세 150/100,공용,그 외,17.95㎡,150만원,100만원,"서울시 서초구 서초동 1303-6, 1동",일반사업자,천장형\n침대\n책상\n옷장\n신발장\n냉장고\n세탁기\n샤워부스\n비데\n싱크대\n인덕션\n전자레인지\nTV\n붙박이장\n화재경보기\n경비원\n비디오폰\n인터폰\nCCTV\n현관보안\n방범창,https://www.dabangapp.com/room/65d97be43e552a4ac6941410,https://d1774jszgerdmk.cloudfront.net/1024/uCtHEMbF1I79lfPgIhws5
65dd9f28d872d6f0c7de3199,,,공용,그 외,,1000만원,90만원,,일반사업자,벽걸이형\n옷장\n신발장\n냉장고\n세탁기\n싱크대\n인덕션\n붙박이장\n인터폰\nCCTV,https://www.dabangapp.com/room/65cdb4ba223dd46272aca8a3,https://d1774jszgerdmk.cloudfront.net/1024/uCtHEMbF1I79lfPgIhws5
65dd9f2cd872d6f0c7de319a,,,공용,1인실,,1000만원,65만원,,일반사업자,벽걸이형\n옷장\n신발장\n냉장고\n세탁기\n인덕션\n인터폰,https://www.dabangapp.com/room/65b623af3f86f2338cc5b57c,https://d1774jszgerdmk.cloudfront.net/1024/uCtHEMbF1I79lfPgIhws5
65dd9f30d872d6f0c7de319b,월세 1000/95,월세 1000/95,공용,1인실,29.79㎡,1000만원,95만원,서울특별시 서초구 서초동,일반사업자,벽걸이형\n옷장\n쇼파\n냉장고\n세탁기\n가스레인지\n현관보안,https://www.dabangapp.com/room/65cadb59d762a12e838c87c3,https://d1774jszgerdmk.cloudfront.net/1024/uCtHEMbF1I79lfPgIhws5
65dd9f34d872d6f0c7de319c,,,공용,그 외,,1000만원,70만원,,일반사업자,천장형\n옷장\n신발장\n냉장고\n세탁기\n샤워부스\n싱크대\n인덕션\n붙박이장\n화재경보기\n경비원\n비디오폰\nCCTV\n현관보안,https://www.dabangapp.com/room/65bc49f9aecd4d270b3b1927,https://d1774jszgerdmk.cloudfront.net/1024/uCtHEMbF1I79lfPgIhws5
65dd9f37d872d6f0c7de319d,,,공용,그 외,,120만원,120만원,,일반사업자,벽걸이형\n침대\n책상\n옷장\n쇼파\n신발장\n냉장고\n세탁기\n샤워부스\n싱크대\n가스레인지\n전자레인지\nTV\n붙박이장\n화재경보기\n경비원\n비디오폰\n인터폰\nCCTV\n현관보안\n방범창,https://www.dabangapp.com/room/65ab6dd119b00a6374c71ed6,https://d1774jszgerdmk.cloudfront.net/1024/uCtHEMbF1I79lfPgIhws5
65dd9f3bd872d6f0c7de319e,월세 1500/280,월세 1500/280,공용,그 외,50.01㎡,1500만원,280만원,"서울시 서초구 서초동 1595-1, 에이동",일반사업자,천장형\n침대\n옷장\n식탁\n쇼파\n신발장\n냉장고\n세탁기\n샤워부스\n비데\n싱크대\n인덕션\n전자레인지\n가스오븐\nTV\n붙박이장\n비디오폰\n카드키\nCCTV,https://www.dabangapp.com/room/65c18b6a8e3208296c793476,https://d1774jszgerdmk.cloudfront.net/1024/uCtHEMbF1I79lfPgIhws5
65dd9f3fd872d6f0c7de319f,,,공용,그 외,,100만원,95만원,,일반사업자,천장형\n침대\n쇼파\n신발장\n냉장고\n세탁기\n샤워부스\n싱크대\n가스레인지\n전자레인지\nTV\n붙박이장\n경비원\n비디오폰\n카드키\nCCTV\n현관보안,https://www.dabangapp.com/room/65d1a5e365498d3079e95acc,https://d1774jszgerdmk.cloudfront.net/1024/uCtHEMbF1I79lfPgIhws5
65dd9f43d872d6f0c7de31a0,월세 200/115,월세 200/115,공용,그 외,19.84㎡,200만원,115만원,서울시 서초구 서초동 1303-7,일반사업자,천장형\n침대\n신발장\n냉장고\n세탁기\n샤워부스\n싱크대\n인덕션\n전자레인지\nTV\n붙박이장\n화재경보기\n무인택배함\n경비원\n비디오폰\nCCTV\n현관보안,https://www.dabangapp.com/room/65cb6aefbc11f327d2110e0b,https://d1774jszgerdmk.cloudfront.net/1024/uCtHEMbF1I79lfPgIhws5
65dd9f47d872d6f0c7de31a1,월세 200/130,월세 200/130,공용,그 외,38.8㎡,200만원,130만원,서울시 서초구 서초동 1328-11,일반사업자,벽걸이형\n침대\n책상\n옷장\n식탁\n쇼파\n신발장\n냉장고\n세탁기\n샤워부스\n싱크대\n인덕션\n전자레인지\nTV\n붙박이장\n화재경보기\n경비원\n비디오폰\n인터폰\nCCTV\n현관보안,https://www.dabangapp.com/room/65dc1430c47f0428c1d28463,https://d1774jszgerdmk.cloudfront.net/1024/uCtHEMbF1I79lfPgIhws5
65dd9f4bd872d6f0c7de31a2,월세 150/115,월세 150/115,공용,그 외,33.75㎡,150만원,115만원,서울시 서초구 서초동 1337-14,일반사업자,벽걸이형\n침대\n식탁\n쇼파\n신발장\n냉장고\n세탁기\n샤워부스\n싱크대\n가스레인지\n전자레인지\nTV\n붙박이장\n화재경보기\n경비원\n인터폰\n카드키\nCCTV,https://www.dabangapp.com/room/65d15adcccc2d4708df8effb,https://d1774jszgerdmk.cloudfront.net/1024/uCtHEMbF1I79lfPgIhws5
65dd9f4ed872d6f0c7de31a3,월세 2억5000/75,월세 2억5000/75,공용,그 외,64.46㎡,2억5000만원,75만원,서울특별시 서초구 서초동,일반사업자,\n인터폰\n현관보안,https://www.dabangapp.com/room/65cd7dcaeab138244c371041,https://d1774jszgerdmk.cloudfront.net/1024/uCtHEMbF1I79lfPgIhws5
65dd9f52d872d6f0c7de31a4,월세 120/120,월세 120/120,공용,그 외,37.82㎡,120만원,120만원,서울시 서초구 서초동 1338-1,일반사업자,벽걸이형\n침대\n책상\n옷장\n신발장\n냉장고\n세탁기\n싱크대\n가스레인지\n인덕션\n전자레인지\nTV\n경비원\n비디오폰\n인터폰\n카드키\nCCTV\n현관보안\n방범창,https://www.dabangapp.com/room/65cd6439557ee71cbbeb7ecf,https://d1774jszgerdmk.cloudfront.net/1024/uCtHEMbF1I79lfPgIhws5
65dd9f56d872d6f0c7de31a5,월세 1000/75,월세 1000/75,공용,1인실,25㎡,1000만원,75만원,서울특별시 서초구 서초동,일반사업자,벽걸이형\n냉장고\n세탁기\n,https://www.dabangapp.com/room/65dc76b4d65eb3091ccf861e,https://d1774jszgerdmk.cloudfront.net/1024/uCtHEMbF1I79lfPgIhws5
65dd9f5ad872d6f0c7de31a6,,,공용,그 외,,1000만원,155만원,,일반사업자,천장형\n침대\n신발장\n냉장고\n세탁기\n샤워부스\n싱크대\n인덕션\n붙박이장\n화재경보기\n비디오폰\nCCTV\n현관보안,https://www.dabangapp.com/room/65c34ca353febe1c7525bdd9,https://d1774jszgerdmk.cloudfront.net/1024/uCtHEMbF1I79lfPgIhws5
65dd9f5ed872d6f0c7de31a7,,,공용,그 외,,1000만원,85만원,,일반사업자,벽걸이형\n신발장\n냉장고\n세탁기\n샤워부스\n싱크대\n가스레인지\n경비원\n비디오폰\n인터폰\n현관보안,https://www.dabangapp.com/room/65cd6c2c60bc86535376ffbd,https://d1774jszgerdmk.cloudfront.net/1024/uCtHEMbF1I79lfPgIhws5
65dd9f62d872d6f0c7de31a8,월세 1000/95,월세 1000/95,공용,그 외,29.85㎡,1000만원,95만원,서울시 서초구 서초동 1303-16,일반사업자,천장형\n침대\n책상\n옷장\n식탁\n쇼파\n신발장\n냉장고\n세탁기\n샤워부스\n비데\n싱크대\n가스레인지\n전자레인지\nTV\n붙박이장\n화재경보기\n경비원\n비디오폰\n인터폰\n카드키\nCCTV\n현관보안\n방범창,https://www.dabangapp.com/room/65dc678f18342a54b5be3042,https://d1774jszgerdmk.cloudfront.net/1024/uCtHEMbF1I79lfPgIhws5
65dd9f66d872d6f0c7de31a9,월세 1000/76,월세 1000/76,공용,1인실,27.58㎡,1000만원,76만원,서울특별시 서초구 서초동,일반사업자,벽걸이형\n옷장\n신발장\n냉장고\n세탁기\n가스레인지\n전자레인지\nCCTV,https://www.dabangapp.com/room/65bc331819bf84367c824d15,https://d1774jszgerdmk.cloudfront.net/1024/uCtHEMbF1I79lfPgIhws5
65dd9f69d872d6f0c7de31aa,,,공용,그 외,,500만원,130만원,,일반사업자,천장형\n침대\n옷장\n식탁\n쇼파\n신발장\n냉장고\n세탁기\n샤워부스\n비데\n싱크대\n인덕션\n전자레인지\n가스오븐\nTV\n붙박이장\n화재경보기\n베란다\n비디오폰\n카드키\nCCTV,https://www.dabangapp.com/room/65c18b53e80679296c31532e,https://d1774jszgerdmk.cloudfront.net/1024/uCtHEMbF1I79lfPgIhws5
65dd9f6dd872d6f0c7de31ab,,,공용,그 외,,1000만원,230만원,,일반사업자,천장형\n침대\n옷장\n식탁\n쇼파\n신발장\n냉장고\n세탁기\n건조기\n샤워부스\n비데\n싱크대\n인덕션\n전자레인지\nTV\n붙박이장\n화재경보기\n무인택배함\n경비원\n비디오폰\n인터폰\n카드키\nCCTV\n현관보안,https://www.dabangapp.com/room/656598f090453b129be570ac,https://d1774jszgerdmk.cloudfront.net/1024/uCtHEMbF1I79lfPgIhws5
65dd9f71d872d6f0c7de31ac,월세 200/116,월세 200/116,공용,그 외,19.84㎡,200만원,116만원,서울시 서초구 서초동 1303-7,일반사업자,천장형\n침대\n옷장\n신발장\n냉장고\n세탁기\n샤워부스\n인덕션\n전자레인지\nTV\n붙박이장\n무인택배함\n경비원\nCCTV\n현관보안,https://www.dabangapp.com/room/65dd92f76b1e111769efe390,https://d1774jszgerdmk.cloudfront.net/1024/uCtHEMbF1I79lfPgIhws5
65dd9f75d872d6f0c7de31ad,월세 3000/200,월세 3000/200,공용,그 외,42.1㎡,3000만원,200만원,"서울시 서초구 서초동 1445-1번지 외1필지, 1동",일반사업자,천장형\n침대\n식탁\n신발장\n냉장고\n세탁기\n건조기\n샤워부스\n싱크대\n인덕션\n붙박이장\n경비원\n비디오폰\n인터폰\n카드키\nCCTV\n사설경비\n현관보안\n방범창,https://www.dabangapp.com/room/659baae1f2bd24038d3295b8,https://d1774jszgerdmk.cloudfront.net/1024/uCtHEMbF1I79lfPgIhws5
65dd9f79d872d6f0c7de31ae,월세 500/75,월세 500/75,공용,그 외,27.56㎡,500만원,75만원,서울시 서초구 서초동 1316-29,일반사업자,벽걸이형\n침대\n책상\n옷장\n쇼파\n신발장\n냉장고\n세탁기\n샤워부스\n비데\n싱크대\n가스레인지\n인덕션\n전자레인지\nTV\n붙박이장\n화재경보기\n경비원\n비디오폰\n인터폰\n카드키\nCCTV\n사설경비\n현관보안\n방범창,https://www.dabangapp.com/room/65dc0858492f3d40e3de22d6,https://d1774jszgerdmk.cloudfront.net/1024/uCtHEMbF1I79lfPgIhws5
65dd9f86d872d6f0c7de31af,월세 130/130,월세 130/130,공용,그 외,23.06㎡,130만원,130만원,서울시 서초구 서초동 1339-4,일반사업자,천장형\n침대\n책상\n옷장\n쇼파\n신발장\n냉장고\n세탁기\n건조기\n샤워부스\n싱크대\n가스레인지\n인덕션\n전자레인지\nTV\n붙박이장\n화재경보기\n경비원\n비디오폰\n인터폰\n카드키\nCCTV\n현관보안,https://www.dabangapp.com/room/65cb2c34f986032e17862eb8,https://d1774jszgerdmk.cloudfront.net/1024/uCtHEMbF1I79lfPgIhws5
65dd9f8ad872d6f0c7de31b0,월세 130/130,월세 130/130,공용,그 외,34㎡,130만원,130만원,서울시 서초구 서초동 1338-20,일반사업자,벽걸이형\n침대\n책상\n옷장\n식탁\n쇼파\n신발장\n냉장고\n세탁기\n샤워부스\n싱크대\n가스레인지\n인덕션\n전자레인지\nTV\n붙박이장\n화재경보기\n경비원\n비디오폰\n인터폰\n카드키\nCCTV\n사설경비\n현관보안,https://www.dabangapp.com/room/65cb2c19d6a91e27f0d23761,https://d1774jszgerdmk.cloudfront.net/1024/uCtHEMbF1I79lfPgIhws5
65dd9f8ed872d6f0c7de31b1,월세 1000/90,월세 1000/90,공용,그 외,32.6㎡,1000만원,90만원,서울시 서초구 서초동 1309-1,일반사업자,벽걸이형\n옷장\n신발장\n냉장고\n세탁기\n샤워부스\n싱크대\n가스레인지\n화재경보기\n경비원\n비디오폰\n인터폰\nCCTV\n현관보안,https://www.dabangapp.com/room/65dc14504e58853e7f8786d9,https://d1774jszgerdmk.cloudfront.net/1024/uCtHEMbF1I79lfPgIhws5
65dd9f93d872d6f0c7de31b2,월세 1000/90,월세 1000/90,공용,그 외,32.6㎡,1000만원,90만원,서울시 서초구 서초동 1309-1,일반사업자,천장형\n신발장\n냉장고\n세탁기\n샤워부스\n싱크대\n인덕션\n붙박이장\n경비원\n비디오폰\n현관보안,https://www.dabangapp.com/room/65d6d7b28cf855071516ad59,https://d1774jszgerdmk.cloudfront.net/1024/uCtHEMbF1I79lfPgIhws5
65dd9f97d872d6f0c7de31b3,월세 4000/190,월세 4000/190,공용,그 외,42.1㎡,4000만원,190만원,서울시 서초구 서초동 1445-1번지 외1필지,일반사업자,천장형\n식탁\n신발장\n냉장고\n세탁기\n싱크대\n인덕션\n붙박이장\n무인택배함\n경비원\nCCTV\n현관보안,https://www.dabangapp.com/room/65d43fc845ba902e5d61b496,https://d1774jszgerdmk.cloudfront.net/1024/uCtHEMbF1I79lfPgIhws5
65dd9f9bd872d6f0c7de31b4,월세 2000/250,월세 2000/250,공용,그 외,33.51㎡,2000만원,250만원,서울시 서초구 서초동 1699-2,일반사업자,천장형\n침대\n신발장\n냉장고\n세탁기\n건조기\n샤워부스\n비데\n싱크대\n인덕션\n가스오븐\nTV\n화재경보기\n베란다\n무인택배함\n경비원\n비디오폰\n인터폰\nCCTV\n현관보안,https://www.dabangapp.com/room/65dd7b42f986c45d1c91416b,https://d1774jszgerdmk.cloudfront.net/1024/uCtHEMbF1I79lfPgIhws5
65dd9f9fd872d6f0c7de31b5,월세 1억1000/12,월세 1억1000/12,공용,1인실,19.36㎡,1억1000만원,12만원,서울특별시 서초구 서초동,일반사업자,벽걸이형\n신발장\n냉장고\n세탁기\n가스레인지\nCCTV\n현관보안,https://www.dabangapp.com/room/65d40f405b3bed3210145004,https://d1774jszgerdmk.cloudfront.net/1024/uCtHEMbF1I79lfPgIhws5
65dd9fa4d872d6f0c7de31b6,월세 1억1000/12,월세 1억1000/12,공용,그 외,19.36㎡,1억1000만원,12만원,서울특별시 서초구 서초동,일반사업자,옷장\n신발장\n냉장고\n세탁기\n인덕션\n경비원\n비디오폰\n인터폰\n현관보안,https://www.dabangapp.com/room/65cd6b029dd9367054d2112d,https://d1774jszgerdmk.cloudfront.net/1024/uCtHEMbF1I79lfPgIhws5
65dd9fa8d872d6f0c7de31b7,월세 3000/140,월세 3000/140,공용,그 외,29.3㎡,3000만원,140만원,서울특별시 서초구 서초동,일반사업자,벽걸이형\n침대\n옷장\n신발장\n냉장고\n세탁기\n싱크대\n가스레인지\nCCTV\n현관보안,https://www.dabangapp.com/room/65d6a9fdf1d94627193f26f8,https://d1774jszgerdmk.cloudfront.net/1024/uCtHEMbF1I79lfPgIhws5
65dd9facd872d6f0c7de31b8,월세 200/140,월세 200/140,공용,그 외,29.85㎡,200만원,140만원,서울시 서초구 서초동 1303-16,일반사업자,천장형\n침대\n책상\n식탁\n쇼파\n신발장\n냉장고\n세탁기\n샤워부스\n싱크대\n가스레인지\n전자레인지\nTV\n붙박이장\n경비원\nCCTV\n사설경비\n현관보안,https://www.dabangapp.com/room/65d0618a1d71cf19bbc28ba5,https://d1774jszgerdmk.cloudfront.net/1024/uCtHEMbF1I79lfPgIhws5
65dd9fb1d872d6f0c7de31b9,,,공용,1인실,,500만원,53만원,,일반사업자,신발장\n냉장고\n세탁기\n인덕션\n,https://www.dabangapp.com/room/64990101409d297acf20501a,https://d1774jszgerdmk.cloudfront.net/1024/uCtHEMbF1I79lfPgIhws5
65dd9fb5d872d6f0c7de31ba,월세 150/130,월세 150/130,공용,그 외,33.75㎡,150만원,130만원,서울시 서초구 서초동 1337-14,일반사업자,벽걸이형\n침대\n책상\n옷장\n식탁\n쇼파\n신발장\n냉장고\n세탁기\n건조기\n샤워부스\n싱크대\n가스레인지\n전자레인지\nTV\n붙박이장\n화재경보기\n경비원\n비디오폰\n인터폰\n카드키\nCCTV\n사설경비\n현관보안,https://www.dabangapp.com/room/65cb2cc18d26f02e170dbbfd,https://d1774jszgerdmk.cloudfront.net/1024/uCtHEMbF1I79lfPgIhws5
65dd9fb9d872d6f0c7de31bb,월세 150/130,월세 150/130,공용,그 외,33.75㎡,150만원,130만원,서울시 서초구 서초동 1337-14,일반사업자,천장형\n침대\n책상\n옷장\n식탁\n쇼파\n신발장\n냉장고\n세탁기\n샤워부스\n욕조\n비데\n싱크대\n가스레인지\n전자레인지\n가스오븐\nTV\n붙박이장\n화재경보기\n비디오폰\n인터폰\n카드키\nCCTV\n사설경비\n현관보안\n방범창,https://www.dabangapp.com/room/65c387f9bc659e7e5e1250eb,https://d1774jszgerdmk.cloudfront.net/1024/uCtHEMbF1I79lfPgIhws5
65dd9fbfd872d6f0c7de31bc,,,공용,그 외,,90만원,90만원,,일반사업자,천장형\n침대\n책상\n신발장\n냉장고\n세탁기\n샤워부스\n싱크대\n인덕션\n전자레인지\nTV\n붙박이장\n화재경보기\n무인택배함\n경비원\n비디오폰\n카드키\nCCTV\n현관보안,https://www.dabangapp.com/room/65d15abd8b63a76a226d44f5,https://d1774jszgerdmk.cloudfront.net/1024/uCtHEMbF1I79lfPgIhws5
65dd9fc4d872d6f0c7de31bd,월세 115/115,월세 115/115,공용,그 외,29.85㎡,115만원,115만원,서울시 서초구 서초동 1303-16,일반사업자,천장형\n침대\n책상\n옷장\n식탁\n쇼파\n신발장\n냉장고\n세탁기\n샤워부스\n비데\n싱크대\n가스레인지\n전자레인지\nTV\n붙박이장\n화재경보기\n경비원\n비디오폰\n인터폰\n카드키\nCCTV\n현관보안\n방범창,https://www.dabangapp.com/room/65dc678253e8bc4780365884,https://d1774jszgerdmk.cloudfront.net/1024/uCtHEMbF1I79lfPgIhws5
65dd9fc8d872d6f0c7de31be,월세 1000/80,월세 1000/80,공용,그 외,20.26㎡,1000만원,80만원,서울시 서초구 서초동 1337-21,일반사업자,벽걸이형\n침대\n책상\n옷장\n쇼파\n신발장\n냉장고\n세탁기\n샤워부스\n비데\n싱크대\n가스레인지\n인덕션\n전자레인지\nTV\n붙박이장\n화재경보기\n경비원\n비디오폰\n인터폰\n카드키\nCCTV\n사설경비\n현관보안\n방범창,https://www.dabangapp.com/room/65dc08981bf1967a08371e5a,https://d1774jszgerdmk.cloudfront.net/1024/uCtHEMbF1I79lfPgIhws5
65dd9fcdd872d6f0c7de31bf,월세 1000/80,월세 1000/80,공용,그 외,20.26㎡,1000만원,80만원,서울시 서초구 서초동 1337-21,일반사업자,벽걸이형\n침대\n책상\n옷장\n쇼파\n신발장\n냉장고\n세탁기\n샤워부스\n비데\n싱크대\n가스레인지\n인덕션\n전자레인지\nTV\n붙박이장\n화재경보기\n경비원\n인터폰\n카드키\nCCTV,https://www.dabangapp.com/room/65d1a3b9f0849662baa4b25b,https://d1774jszgerdmk.cloudfront.net/1024/uCtHEMbF1I79lfPgIhws5
65dd9fd1d872d6f0c7de31c0,월세 150/130,월세 150/130,공용,1인실,31.98㎡,150만원,130만원,서울특별시 서초구 서초동,일반사업자,침대\n책상\n옷장\n신발장\n냉장고\n세탁기\n가스레인지\n전자레인지\nTV\nCCTV\n현관보안,https://www.dabangapp.com/room/65d6faac87efdf2122a0f7f9,https://d1774jszgerdmk.cloudfront.net/1024/uCtHEMbF1I79lfPgIhws5
65dd9fd5d872d6f0c7de31c1,월세 130/130,월세 130/130,공용,그 외,34㎡,130만원,130만원,서울시 서초구 서초동 1338-20,일반사업자,벽걸이형\n침대\n쇼파\n신발장\n냉장고\n세탁기\n샤워부스\n싱크대\n가스레인지\n전자레인지\nTV\n붙박이장\n화재경보기\nCCTV\n현관보안,https://www.dabangapp.com/room/65d3017765e6314cbf6b7097,https://d1774jszgerdmk.cloudfront.net/1024/uCtHEMbF1I79lfPgIhws5
65dd9fdad872d6f0c7de31c2,월세 3000/150,월세 3000/150,공용,그 외,92㎡,3000만원,150만원,서울특별시 서초구 서초동,일반사업자,싱크대\n가스레인지\n,https://www.dabangapp.com/room/65dc7a06a15693762a7804a1,https://d1774jszgerdmk.cloudfront.net/1024/uCtHEMbF1I79lfPgIhws5
65dd9fded872d6f0c7de31c3,월세 135/135,월세 135/135,공용,그 외,33.24㎡,135만원,135만원,"서울시 서초구 서초동 1338-20, a동",일반사업자,침대\n옷장\n신발장\n냉장고\n세탁기\n가스레인지\n전자레인지\nTV\n,https://www.dabangapp.com/room/65d2c88e99bb863acb6d8414,https://d1774jszgerdmk.cloudfront.net/1024/uCtHEMbF1I79lfPgIhws5
65dd9fe3d872d6f0c7de31c4,월세 135/135,월세 135/135,공용,그 외,33.24㎡,135만원,135만원,"서울시 서초구 서초동 1338-20, a동",일반사업자,침대\n옷장\n신발장\n냉장고\n세탁기\n가스레인지\n전자레인지\nTV\n,https://www.dabangapp.com/room/65cd7e0c6f947b244c372a32,https://d1774jszgerdmk.cloudfront.net/1024/uCtHEMbF1I79lfPgIhws5
65dd9fe7d872d6f0c7de31c5,월세 100/100,월세 100/100,공용,그 외,26.47㎡,100만원,100만원,서울시 서초구 서초동 1327-27,일반사업자,스탠드형\n침대\n책상\n옷장\n식탁\n쇼파\n신발장\n냉장고\n세탁기\n샤워부스\n비데\n싱크대\n식기세척기\n가스레인지\n인덕션\n전자레인지\nTV\n붙박이장\n화재경보기\n경비원\n비디오폰\n인터폰\n카드키\nCCTV\n사설경비\n현관보안,https://www.dabangapp.com/room/65c387f38978fc779204109e,https://d1774jszgerdmk.cloudfront.net/1024/uCtHEMbF1I79lfPgIhws5
65dd9fecd872d6f0c7de31c6,,,공용,그 외,,200만원,140만원,,일반사업자,벽걸이형\n침대\n쇼파\n신발장\n냉장고\n세탁기\n샤워부스\n싱크대\n인덕션\n전자레인지\nTV\n붙박이장\n비디오폰\nCCTV,https://www.dabangapp.com/room/65b715d6cfa0db524038fc5a,https://d1774jszgerdmk.cloudfront.net/1024/uCtHEMbF1I79lfPgIhws5
65dd9ff9d872d6f0c7de31c7,월세 100/95,월세 100/95,공용,그 외,19.77㎡,100만원,95만원,서울시 서초구 서초동 1337-21,일반사업자,천장형\n침대\n책상\n옷장\n식탁\n신발장\n냉장고\n세탁기\n샤워부스\n싱크대\n가스레인지\n인덕션\n전자레인지\nTV\n붙박이장\n화재경보기\n경비원\n비디오폰\n인터폰\n카드키\nCCTV\n사설경비\n현관보안,https://www.dabangapp.com/room/65cb2c9eceb3ab47ecc882e1,https://d1774jszgerdmk.cloudfront.net/1024/uCtHEMbF1I79lfPgIhws5
65dd9ffed872d6f0c7de31c8,,,공용,그 외,,1000만원,100만원,,일반사업자,천장형\n신발장\n냉장고\n세탁기\n건조기\n샤워부스\n경비원\n비디오폰\n인터폰,https://www.dabangapp.com/room/65b279596746174f1bed67a9,https://d1774jszgerdmk.cloudfront.net/1024/uCtHEMbF1I79lfPgIhws5
65dda002d872d6f0c7de31c9,월세 110/100,월세 110/100,공용,그 외,17.87㎡,110만원,100만원,서울시 서초구 서초동 1303-6,일반사업자,천장형\n침대\n신발장\n냉장고\n세탁기\n샤워부스\n싱크대\n인덕션\n전자레인지\nTV\n붙박이장\n화재경보기\n경비원\n비디오폰\nCCTV\n사설경비\n현관보안,https://www.dabangapp.com/room/65cb6aa59e6b2c211e42acee,https://d1774jszgerdmk.cloudfront.net/1024/uCtHEMbF1I79lfPgIhws5
65dda007d872d6f0c7de31ca,월세 9000/45,월세 9000/45,공용,1인실,36㎡,9000만원,45만원,서울특별시 서초구 서초동,일반사업자,벽걸이형\n신발장\n냉장고\n세탁기\n싱크대\n가스레인지\n,https://www.dabangapp.com/room/65ce06402969c44a3144d14b,https://d1774jszgerdmk.cloudfront.net/1024/uCtHEMbF1I79lfPgIhws5
65dda00cd872d6f0c7de31cb,월세 3000/110,월세 3000/110,공용,1인실,21.8㎡,3000만원,110만원,서울특별시 서초구 서초동,일반사업자,천장형\n신발장\n냉장고\n세탁기\n싱크대\n인덕션\n전자레인지\n인터폰\nCCTV\n현관보안,https://www.dabangapp.com/room/65d2b3131b4232645f10a6e7,https://d1774jszgerdmk.cloudfront.net/1024/uCtHEMbF1I79lfPgIhws5
65dda010d872d6f0c7de31cc,,,공용,1인실,,100만원,60만원,,일반사업자,벽걸이형\n냉장고\n,https://www.dabangapp.com/room/6540651dd154d354eec96e0e,https://d1774jszgerdmk.cloudfront.net/1024/uCtHEMbF1I79lfPgIhws5
65dda015d872d6f0c7de31cd,월세 3000/100,월세 3000/100,공용,그 외,23.14㎡,3000만원,100만원,서울특별시 서초구 서초동,일반사업자,옷장\n신발장\n냉장고\n세탁기\n인덕션\n현관보안,https://www.dabangapp.com/room/65b495c257071034f040ddd6,https://d1774jszgerdmk.cloudfront.net/1024/uCtHEMbF1I79lfPgIhws5
65dda01ad872d6f0c7de31ce,,,공용,그 외,,1000만원,160만원,,일반사업자,천장형\n침대\n책상\n식탁\n쇼파\n신발장\n냉장고\n샤워부스\n싱크대\n인덕션\nTV\n비디오폰\n카드키\nCCTV,https://www.dabangapp.com/room/65b0b8f23f781c0edfea4879,https://d1774jszgerdmk.cloudfront.net/1024/uCtHEMbF1I79lfPgIhws5
65dda01ed872d6f0c7de31cf,,,공용,그 외,,1000만원,160만원,,일반사업자,천장형\n침대\n책상\n식탁\n쇼파\n신발장\n냉장고\n샤워부스\n싱크대\n인덕션\nTV\n비디오폰\n카드키\nCCTV,https://www.dabangapp.com/room/65d40964caf93a0fdaabf684,https://d1774jszgerdmk.cloudfront.net/1024/uCtHEMbF1I79lfPgIhws5
65dda022d872d6f0c7de31d0,,,공용,그 외,,200만원,115만원,,일반사업자,천장형\n침대\n신발장\n냉장고\n세탁기\n샤워부스\n싱크대\n인덕션\n전자레인지\nTV\n붙박이장\n무인택배함\n경비원\n비디오폰\nCCTV\n현관보안,https://www.dabangapp.com/room/65bb7d316dab261a7af9b931,https://d1774jszgerdmk.cloudfront.net/1024/uCtHEMbF1I79lfPgIhws5
65dda027d872d6f0c7de31d1,월세 150/100,월세 150/100,공용,그 외,17.95㎡,150만원,100만원,서울시 서초구 서초동 1303-6,일반사업자,벽걸이형\n침대\n옷장\n신발장\n냉장고\n세탁기\n인덕션\n전자레인지\nTV\n경비원\n비디오폰\nCCTV\n현관보안,https://www.dabangapp.com/room/65cac8a8f6dc6a72fca62931,https://d1774jszgerdmk.cloudfront.net/1024/uCtHEMbF1I79lfPgIhws5
65dda02cd872d6f0c7de31d2,월세 200/160,월세 200/160,공용,그 외,28.44㎡,200만원,160만원,서울시 서초구 서초동 1309-2,일반사업자,천장형\n,https://www.dabangapp.com/room/65d0625e1bc49b1637424303,https://d1774jszgerdmk.cloudfront.net/1024/uCtHEMbF1I79lfPgIhws5
65dda030d872d6f0c7de31d3,월세 250/135,월세 250/135,공용,그 외,19.95㎡,250만원,135만원,서울시 서초구 서초동 1303-6,일반사업자,천장형\n침대\n신발장\n냉장고\n세탁기\n샤워부스\n비데\n싱크대\n인덕션\nTV\n붙박이장\n화재경보기\n무인택배함\n경비원\n비디오폰\n인터폰\nCCTV\n현관보안,https://www.dabangapp.com/room/65d060c4ac4d791340564884,https://d1774jszgerdmk.cloudfront.net/1024/uCtHEMbF1I79lfPgIhws5
65dda035d872d6f0c7de31d4,월세 1000/85,월세 1000/85,공용,그 외,31.87㎡,1000만원,85만원,서울시 서초구 서초동 1321-9,일반사업자,벽걸이형\n침대\n책상\n옷장\n쇼파\n신발장\n냉장고\n세탁기\n샤워부스\n비데\n싱크대\n가스레인지\n인덕션\n전자레인지\nTV\n붙박이장\n화재경보기\n경비원\n비디오폰\n인터폰\n카드키\nCCTV\n사설경비\n현관보안\n방범창,https://www.dabangapp.com/room/65dc087a5c4491770b3fe407,https://d1774jszgerdmk.cloudfront.net/1024/uCtHEMbF1I79lfPgIhws5
65dda03ad872d6f0c7de31d5,월세 1000/80,월세 1000/80,공용,그 외,28.29㎡,1000만원,80만원,서울시 서초구 서초동 1680-1,일반사업자,천장형\n침대\n옷장\n신발장\n냉장고\n세탁기\n샤워부스\n비데\n싱크대\n인덕션\n전자레인지\nTV\n붙박이장\n,https://www.dabangapp.com/room/65daf2367e88db02af74b9f5,https://d1774jszgerdmk.cloudfront.net/1024/uCtHEMbF1I79lfPgIhws5
65dda03fd872d6f0c7de31d6,월세 115/115,월세 115/115,공용,그 외,38.8㎡,115만원,115만원,서울시 서초구 서초동 1328-11,일반사업자,벽걸이형\n침대\n식탁\n쇼파\n신발장\n냉장고\n세탁기\n샤워부스\n싱크대\n가스레인지\n전자레인지\nTV\n붙박이장\n화재경보기\n경비원\n인터폰\n카드키\nCCTV,https://www.dabangapp.com/room/65d15aeb3bd5f9645fd7bc37,https://d1774jszgerdmk.cloudfront.net/1024/uCtHEMbF1I79lfPgIhws5
65dda044d872d6f0c7de31d7,,,공용,그 외,,1000만원,85만원,,일반사업자,옷장\n신발장\n냉장고\n세탁기\n인덕션\n경비원\n비디오폰\n인터폰\n현관보안,https://www.dabangapp.com/room/65cd6c71d77f8b5551bbba56,https://d1774jszgerdmk.cloudfront.net/1024/uCtHEMbF1I79lfPgIhws5
65dda049d872d6f0c7de31d8,월세 1000/90,월세 1000/90,공용,그 외,29.85㎡,1000만원,90만원,서울시 서초구 서초동 1303-16,일반사업자,천장형\n침대\n책상\n옷장\n식탁\n쇼파\n신발장\n냉장고\n세탁기\n샤워부스\n비데\n싱크대\n가스레인지\n전자레인지\nTV\n붙박이장\n화재경보기\n경비원\n비디오폰\n인터폰\n카드키\nCCTV\n현관보안\n방범창,https://www.dabangapp.com/room/65dc6796d9eac0475673fea2,https://d1774jszgerdmk.cloudfront.net/1024/uCtHEMbF1I79lfPgIhws5
65dda04ed872d6f0c7de31d9,,,공용,그 외,,1억5000만원,40만원,,일반사업자,벽걸이형\n신발장\n냉장고\n세탁기\n싱크대\n인덕션\nCCTV\n현관보안,https://www.dabangapp.com/room/65a509d4967e142ad89c2c79,https://d1774jszgerdmk.cloudfront.net/1024/uCtHEMbF1I79lfPgIhws5
65dda052d872d6f0c7de31da,월세 1000/80,월세 1000/80,공용,그 외,22.58㎡,1000만원,80만원,서울시 서초구 서초동 1337-3,일반사업자,벽걸이형\n침대\n책상\n옷장\n쇼파\n신발장\n냉장고\n세탁기\n샤워부스\n비데\n싱크대\n가스레인지\n인덕션\n전자레인지\nTV\n붙박이장\n화재경보기\n경비원\n비디오폰\n인터폰\n카드키\nCCTV\n사설경비\n현관보안\n방범창,https://www.dabangapp.com/room/65dc078f9c086a40e31709d8,https://d1774jszgerdmk.cloudfront.net/1024/uCtHEMbF1I79lfPgIhws5
65dda057d872d6f0c7de31db,월세 1000/95,월세 1000/95,공용,그 외,28.88㎡,1000만원,95만원,서울시 서초구 서초동 1309-2,일반사업자,천장형\n침대\n책상\n옷장\n식탁\n쇼파\n신발장\n냉장고\n세탁기\n샤워부스\n비데\n싱크대\n인덕션\n전자레인지\nTV\n붙박이장\n화재경보기\n경비원\n비디오폰\n인터폰\n카드키\nCCTV\n현관보안\n방범창,https://www.dabangapp.com/room/65dc67a59daf32477dc4f289,https://d1774jszgerdmk.cloudfront.net/1024/uCtHEMbF1I79lfPgIhws5
65dda05cd872d6f0c7de31dc,,,공용,그 외,,1000만원,100만원,,일반사업자,천장형\n옷장\n식탁\n신발장\n냉장고\n세탁기\n샤워부스\n싱크대\n인덕션\n붙박이장\n경비원\n비디오폰\n인터폰\n카드키\nCCTV\n사설경비\n현관보안\n방범창,https://www.dabangapp.com/room/657277fb0e003f5b9a44b898,https://d1774jszgerdmk.cloudfront.net/1024/uCtHEMbF1I79lfPgIhws5
65dda061d872d6f0c7de31dd,,,공용,그 외,,1000만원,70만원,,일반사업자,벽걸이형\n냉장고\n세탁기\n싱크대\n가스레인지\nCCTV,https://www.dabangapp.com/room/65ab7832a2f4183d9ea350c8,https://d1774jszgerdmk.cloudfront.net/1024/uCtHEMbF1I79lfPgIhws5
65dda066d872d6f0c7de31de,월세 3000/45,월세 3000/45,공용,1인실,33.05㎡,3000만원,45만원,서울특별시 서초구 서초동,일반사업자,벽걸이형\n싱크대\n,https://www.dabangapp.com/room/65d6c0ea1fbfdd205a9fab70,https://d1774jszgerdmk.cloudfront.net/1024/uCtHEMbF1I79lfPgIhws5
65dda074d872d6f0c7de31df,,,공용,그 외,,90만원,90만원,,일반사업자,벽걸이형\n침대\n책상\n쇼파\n신발장\n냉장고\n세탁기\n샤워부스\n싱크대\n인덕션\n전자레인지\nTV\n붙박이장\n경비원\n비디오폰\n카드키\nCCTV,https://www.dabangapp.com/room/65d4092f0a1e3d1c9cca4ff4,https://d1774jszgerdmk.cloudfront.net/1024/uCtHEMbF1I79lfPgIhws5
65dda078d872d6f0c7de31e0,월세 1000/85,월세 1000/85,공용,그 외,26.97㎡,1000만원,85만원,서울시 서초구 서초동 1316-17,일반사업자,벽걸이형\n침대\n책상\n옷장\n쇼파\n신발장\n냉장고\n세탁기\n샤워부스\n비데\n싱크대\n가스레인지\n인덕션\n전자레인지\nTV\n붙박이장\n화재경보기\n경비원\n비디오폰\n인터폰\n카드키\nCCTV\n사설경비\n현관보안\n방범창,https://www.dabangapp.com/room/65dc07c9474fdb3d14326f48,https://d1774jszgerdmk.cloudfront.net/1024/uCtHEMbF1I79lfPgIhws5
65dda07dd872d6f0c7de31e1,월세 180/180,월세 180/180,공용,그 외,29.96㎡,180만원,180만원,서울특별시 서초구 서초동,일반사업자,침대\n옷장\n신발장\n냉장고\n세탁기\n인덕션\n전자레인지\nTV\n비디오폰\nCCTV\n현관보안,https://www.dabangapp.com/room/65dbf741500ce36ed8cae30b,https://d1774jszgerdmk.cloudfront.net/1024/uCtHEMbF1I79lfPgIhws5
65dda082d872d6f0c7de31e2,월세 100/110,월세 100/110,공용,그 외,22.72㎡,100만원,110만원,"서울시 서초구 서초동 1309-1, 1동",일반사업자,벽걸이형\n침대\n책상\n옷장\n식탁\n쇼파\n신발장\n냉장고\n세탁기\n건조기\n샤워부스\n비데\n싱크대\n가스레인지\n인덕션\n전자레인지\nTV\n붙박이장\n화재경보기\n경비원\n비디오폰\n인터폰\n카드키\nCCTV\n사설경비\n현관보안,https://www.dabangapp.com/room/65c3881db731527e5e6b3767,https://d1774jszgerdmk.cloudfront.net/1024/uCtHEMbF1I79lfPgIhws5
65dda087d872d6f0c7de31e3,,,공용,그 외,,100만원,100만원,,일반사업자,벽걸이형\n침대\n책상\n옷장\n쇼파\n신발장\n냉장고\n세탁기\n싱크대\n가스레인지\n전자레인지\nTV\n화재경보기\n경비원\n비디오폰\n인터폰\n카드키\nCCTV\n현관보안\n방범창,https://www.dabangapp.com/room/65caafccd6ef6d1f61cb846f,https://d1774jszgerdmk.cloudfront.net/1024/uCtHEMbF1I79lfPgIhws5
65dda08bd872d6f0c7de31e4,,,공용,그 외,,100만원,100만원,,일반사업자,벽걸이형\n침대\n책상\n옷장\n쇼파\n신발장\n냉장고\n세탁기\n싱크대\n가스레인지\n전자레인지\nTV\n화재경보기\n경비원\n비디오폰\n인터폰\n카드키\nCCTV\n현관보안\n방범창,https://www.dabangapp.com/room/65dc07ac4087dc712382a608,https://d1774jszgerdmk.cloudfront.net/1024/uCtHEMbF1I79lfPgIhws5
65dda090d872d6f0c7de31e5,월세 1000/80,월세 1000/80,공용,그 외,36.43㎡,1000만원,80만원,서울시 서초구 서초동 1680-1,일반사업자,벽걸이형\n침대\n책상\n옷장\n쇼파\n신발장\n냉장고\n세탁기\n샤워부스\n비데\n싱크대\n가스레인지\n인덕션\n전자레인지\nTV\n붙박이장\n화재경보기\n경비원\n비디오폰\n인터폰\n카드키\nCCTV\n사설경비\n현관보안\n방범창,https://www.dabangapp.com/room/65dc07e9b2957974ef2f7393,https://d1774jszgerdmk.cloudfront.net/1024/uCtHEMbF1I79lfPgIhws5
65dda095d872d6f0c7de31e6,월세 200/130,월세 200/130,공용,그 외,24.28㎡,200만원,130만원,서울시 서초구 서초동 1303-7,일반사업자,천장형\n침대\n신발장\n냉장고\n세탁기\n샤워부스\n싱크대\n인덕션\n전자레인지\nTV\n붙박이장\n화재경보기\n무인택배함\n경비원\n비디오폰\nCCTV\n현관보안,https://www.dabangapp.com/room/65c593b039295d35137e8a42,https://d1774jszgerdmk.cloudfront.net/1024/uCtHEMbF1I79lfPgIhws5
65dda09ad872d6f0c7de31e7,월세 1000/80,월세 1000/80,공용,그 외,40.57㎡,1000만원,80만원,서울시 서초구 서초동 1337-14,일반사업자,벽걸이형\n침대\n책상\n옷장\n쇼파\n신발장\n냉장고\n세탁기\n샤워부스\n비데\n싱크대\n가스레인지\n인덕션\n전자레인지\nTV\n붙박이장\n화재경보기\n경비원\n비디오폰\n인터폰\n카드키\nCCTV\n사설경비\n현관보안\n방범창,https://www.dabangapp.com/room/65dc083b1ebbeb53defeaf1a,https://d1774jszgerdmk.cloudfront.net/1024/uCtHEMbF1I79lfPgIhws5
65dda09fd872d6f0c7de31e8,월세 100/100,월세 100/100,공용,그 외,24.16㎡,100만원,100만원,서울시 서초구 서초동 1679-1,일반사업자,벽걸이형\n침대\n책상\n옷장\n신발장\n냉장고\n세탁기\n인덕션\n전자레인지\nTV\n경비원\n인터폰\nCCTV\n현관보안,https://www.dabangapp.com/room/65dbf77bc439b6201651b86a,https://d1774jszgerdmk.cloudfront.net/1024/uCtHEMbF1I79lfPgIhws5
65dda0a4d872d6f0c7de31e9,,,공용,그 외,,200만원,130만원,,일반사업자,천장형\n침대\n신발장\n냉장고\n세탁기\n샤워부스\n싱크대\n인덕션\nTV\n붙박이장\n무인택배함\n경비원\n비디오폰\nCCTV\n현관보안,https://www.dabangapp.com/room/65b49711a4d6a528afd45bf7,https://d1774jszgerdmk.cloudfront.net/1024/uCtHEMbF1I79lfPgIhws5
65dda0a9d872d6f0c7de31ea,,,공용,1인실,,5000만원,50만원,,일반사업자,벽걸이형\n냉장고\n세탁기\n,https://www.dabangapp.com/room/6598d8dfb3ae1351dfadfa6c,https://d1774jszgerdmk.cloudfront.net/1024/uCtHEMbF1I79lfPgIhws5
65dda0aed872d6f0c7de31eb,,,공용,1인실,,500만원,44만원,,일반사업자,벽걸이형\n침대\n옷장\n식탁\n냉장고\n세탁기\n,https://www.dabangapp.com/room/65a72a95bd9cb7344873940d,https://d1774jszgerdmk.cloudfront.net/1024/uCtHEMbF1I79lfPgIhws5
65dda0b3d872d6f0c7de31ec,,,공용,1인실,,1000만원,66만원,,일반사업자,벽걸이형\n냉장고\n세탁기\n,https://www.dabangapp.com/room/65b853f53e122769c9e98fde,https://d1774jszgerdmk.cloudfront.net/1024/uCtHEMbF1I79lfPgIhws5
65dda0b8d872d6f0c7de31ed,월세 1000/75,월세 1000/75,공용,그 외,28.18㎡,1000만원,75만원,서울시 서초구 서초동 1338-25,일반사업자,벽걸이형\n옷장\n신발장\n냉장고\n세탁기\n인덕션\n경비원\n비디오폰\n인터폰\nCCTV\n현관보안\n방범창,https://www.dabangapp.com/room/65dc1427ea04f928c1a54561,https://d1774jszgerdmk.cloudfront.net/1024/uCtHEMbF1I79lfPgIhws5
65dda0bdd872d6f0c7de31ee,월세 120/120,월세 120/120,공용,그 외,24.9㎡,120만원,120만원,서울시 서초구 서초동 1303-16,일반사업자,침대\n책상\n옷장\n식탁\n쇼파\n신발장\n냉장고\n세탁기\n샤워부스\n욕조\n비데\n싱크대\n가스레인지\n전자레인지\nTV\n붙박이장\n화재경보기\n경비원\n비디오폰\n인터폰\n카드키\nCCTV\n사설경비\n현관보안,https://www.dabangapp.com/room/65cb2c80795af12e177b5b48,https://d1774jszgerdmk.cloudfront.net/1024/uCtHEMbF1I79lfPgIhws5
65dda0c2d872d6f0c7de31ef,월세 115/115,월세 115/115,공용,그 외,29.86㎡,115만원,115만원,서울시 서초구 서초동 1309-2,일반사업자,천장형\n침대\n책상\n옷장\n식탁\n쇼파\n신발장\n냉장고\n세탁기\n샤워부스\n비데\n싱크대\n인덕션\n전자레인지\nTV\n붙박이장\n화재경보기\n경비원\n비디오폰\n인터폰\n카드키\nCCTV\n현관보안\n방범창,https://www.dabangapp.com/room/65dc679ef38bc546ba4990e7,https://d1774jszgerdmk.cloudfront.net/1024/uCtHEMbF1I79lfPgIhws5
65dda0c7d872d6f0c7de31f0,월세 1억/50,월세 1억/50,공용,1인실,31.86㎡,1억만원,50만원,서울특별시 서초구 서초동,일반사업자,벽걸이형\n옷장\n식탁\n신발장\n냉장고\n세탁기\n싱크대\n가스레인지\n전자레인지\n베란다\nCCTV,https://www.dabangapp.com/room/65d594b05bfeea761d4e3dd3,https://d1774jszgerdmk.cloudfront.net/1024/uCtHEMbF1I79lfPgIhws5
65dda0ccd872d6f0c7de31f1,,,공용,1인실,,300만원,45만원,,일반사업자,침대\n책상\n옷장\n신발장\n냉장고\n세탁기\n인덕션\n,https://www.dabangapp.com/room/65c0a5d5400f090721a242ac,https://d1774jszgerdmk.cloudfront.net/1024/uCtHEMbF1I79lfPgIhws5
65dda0d1d872d6f0c7de31f2,월세 2억/130,월세 2억/130,공용,1인실,46.28㎡,2억만원,130만원,서울특별시 서초구 서초동,일반사업자,천장형\n옷장\n신발장\n샤워부스\n싱크대\n인덕션\n붙박이장\n베란다\n테라스\n무인택배함\n비디오폰\nCCTV\n현관보안,https://www.dabangapp.com/room/65d1be2947608546012694e1,https://d1774jszgerdmk.cloudfront.net/1024/uCtHEMbF1I79lfPgIhws5
65dda0d6d872d6f0c7de31f3,월세 1000/57,월세 1000/57,공용,그 외,33㎡,1000만원,57만원,서울특별시 서초구 서초동,일반사업자,벽걸이형\n냉장고\n세탁기\n싱크대\n가스레인지\n전자레인지\n화재경보기\n카드키\nCCTV\n방범창,https://www.dabangapp.com/room/65dc0420bac57155064317a3,https://d1774jszgerdmk.cloudfront.net/1024/uCtHEMbF1I79lfPgIhws5
65dda0dad872d6f0c7de31f4,,,공용,1인실,,250만원,27만원,,일반사업자,벽걸이형\n침대\n책상\n옷장\n신발장\n냉장고\n세탁기\n샤워부스\n인덕션\n붙박이장\n경비원\nCCTV,https://www.dabangapp.com/room/65d2d34618023319e967af6d,https://d1774jszgerdmk.cloudfront.net/1024/uCtHEMbF1I79lfPgIhws5
65dda0e0d872d6f0c7de31f5,월세 1억8000/30,월세 1억8000/30,공용,그 외,29.75㎡,1억8000만원,30만원,서울특별시 서초구 서초동,일반사업자,벽걸이형\n식탁\n신발장\n냉장고\n세탁기\n건조기\n샤워부스\n싱크대\n가스레인지\n전자레인지\n화재경보기\n비디오폰\n인터폰\nCCTV\n현관보안,https://www.dabangapp.com/room/65dd5e2043445c710babe192,https://d1774jszgerdmk.cloudfront.net/1024/uCtHEMbF1I79lfPgIhws5
65dda26e664079da354f9fdd,월세 1000/70,월세 1000/70,공용,그 외,19.83㎡,1000만원,70만원,경기도 성남시 분당구 백현동,일반사업자,벽걸이형\n옷장\n신발장\n냉장고\n세탁기\n싱크대\n전자레인지\nTV\n붙박이장\nCCTV\n현관보안,https://www.dabangapp.com/room/65b75223ec301248414dbd3b,https://d1774jszgerdmk.cloudfront.net/1024/uCtHEMbF1I79lfPgIhws5
65dda271664079da354f9fde,월세 1000/70,월세 1000/70,공용,그 외,19.83㎡,1000만원,70만원,경기도 성남시 분당구 백현동,일반사업자,벽걸이형\n옷장\n신발장\n냉장고\n세탁기\n싱크대\n전자레인지\nTV\n붙박이장\nCCTV\n현관보안,https://www.dabangapp.com/room/65ab5dbb31129e20d999fe4e,https://d1774jszgerdmk.cloudfront.net/1024/uCtHEMbF1I79lfPgIhws5
65dda274664079da354f9fdf,월세 1000/70,월세 1000/70,공용,그 외,19.83㎡,1000만원,70만원,경기도 성남시 분당구 백현동,일반사업자,벽걸이형\n옷장\n신발장\n냉장고\n세탁기\n싱크대\n전자레인지\nTV\n붙박이장\nCCTV\n현관보안,https://www.dabangapp.com/room/65b751f4f8198146336294a2,https://d1774jszgerdmk.cloudfront.net/1024/uCtHEMbF1I79lfPgIhws5
65dda278664079da354f9fe0,월세 1000/50,월세 1000/50,공용,1인실,23.14㎡,1000만원,50만원,경기도 성남시 분당구 백현동,일반사업자,벽걸이형\n침대\n옷장\n신발장\n냉장고\n세탁기\n싱크대\n인덕션\n전자레인지\n화재경보기\n현관보안,https://www.dabangapp.com/room/65dad50b86178c51d41a88c9,https://d1774jszgerdmk.cloudfront.net/1024/uCtHEMbF1I79lfPgIhws5
65dda3ccfccc1433c3c21590,월세 5000/100,월세 5000/100,공용,그 외,24.2㎡,5000만원,100만원,서울특별시 마포구 노고산동,일반사업자,벽걸이형\n침대\n책상\n신발장\n냉장고\n세탁기\n가스레인지\n,https://www.dabangapp.com/room/65d8483f6dbd6c71de7281b1,https://d1774jszgerdmk.cloudfront.net/1024/uCtHEMbF1I79lfPgIhws5
65dda3d0fccc1433c3c21591,월세 3000/50,월세 3000/50,공용,1인실,20㎡,3000만원,50만원,서울특별시 마포구 노고산동,일반사업자,벽걸이형\n침대\n책상\n옷장\n신발장\n냉장고\n세탁기\n싱크대\n인덕션\n붙박이장\n,https://www.dabangapp.com/room/65dc3950d54142488be66157,https://d1774jszgerdmk.cloudfront.net/1024/uCtHEMbF1I79lfPgIhws5
65dda3d3fccc1433c3c21592,월세 500/55,월세 500/55,공용,1인실,16.52㎡,500만원,55만원,서울특별시 마포구 노고산동,일반사업자,벽걸이형\n침대\n책상\n옷장\n신발장\n냉장고\n세탁기\n싱크대\n인덕션\n전자레인지\n현관보안,https://www.dabangapp.com/room/65d98d2fcdfc8b67cc59a376,https://d1774jszgerdmk.cloudfront.net/1024/uCtHEMbF1I79lfPgIhws5
65dda3d7fccc1433c3c21593,,,공용,1인실,,1000만원,80만원,,일반사업자,벽걸이형\n침대\n책상\n옷장\n신발장\n냉장고\n세탁기\n싱크대\n인덕션\nCCTV\n현관보안,https://www.dabangapp.com/room/65cf0e513f2e5e4698ed5a0d,https://d1774jszgerdmk.cloudfront.net/1024/uCtHEMbF1I79lfPgIhws5
65dda3dbfccc1433c3c21594,,,공용,그 외,,1000만원,100만원,,일반사업자,벽걸이형\n옷장\n신발장\n냉장고\n세탁기\n싱크대\n인덕션\nTV\n붙박이장\n화재경보기\n비디오폰,https://www.dabangapp.com/room/65a66db570b9084f90b3186d,https://d1774jszgerdmk.cloudfront.net/1024/uCtHEMbF1I79lfPgIhws5
65dda3defccc1433c3c21595,월세 1000/70,월세 1000/70,공용,그 외,30.49㎡,1000만원,70만원,서울특별시 마포구 노고산동,일반사업자,벽걸이형\n옷장\n식탁\n신발장\n냉장고\n세탁기\n싱크대\n가스레인지\n현관보안\n방범창,https://www.dabangapp.com/room/65cc24e8024458339375ca4c,https://d1774jszgerdmk.cloudfront.net/1024/uCtHEMbF1I79lfPgIhws5
65dda3e2fccc1433c3c21596,월세 7500/15,월세 7500/15,공용,1인실,16.83㎡,7500만원,15만원,서울특별시 마포구 노고산동,일반사업자,옷장\n신발장\n냉장고\n세탁기\n인덕션\n,https://www.dabangapp.com/room/65d845b693274d6ab490fb59,https://d1774jszgerdmk.cloudfront.net/1024/uCtHEMbF1I79lfPgIhws5
65dda3e6fccc1433c3c21597,월세 7500/15,월세 7500/15,공용,1인실,16.83㎡,7500만원,15만원,서울특별시 마포구 노고산동,일반사업자,옷장\n신발장\n냉장고\n세탁기\n인덕션\nCCTV\n현관보안,https://www.dabangapp.com/room/65dc1f6f768053132410b14b,https://d1774jszgerdmk.cloudfront.net/1024/uCtHEMbF1I79lfPgIhws5
65dda3e9fccc1433c3c21598,월세 7500/15,월세 7500/15,공용,1인실,16.83㎡,300만원,26만원,서울특별시 마포구 노고산동,일반사업자,벽걸이형\n책상\n옷장\n신발장\n냉장고\n세탁기\n인덕션\n화재경보기\n경비원\nCCTV,https://www.dabangapp.com/room/659d04996db3ce55bc3c3138,https://d1774jszgerdmk.cloudfront.net/1024/uCtHEMbF1I79lfPgIhws5
65dda3edfccc1433c3c21599,월세 300/35,월세 300/35,공용,1인실,16.53㎡,300만원,35만원,서울특별시 마포구 노고산동,일반사업자,벽걸이형\n냉장고\n세탁기\n싱크대\n가스레인지\nCCTV,https://www.dabangapp.com/room/65dc1ebeae5547191a0c0973,https://d1774jszgerdmk.cloudfront.net/1024/uCtHEMbF1I79lfPgIhws5
65dda3f1fccc1433c3c2159a,월세 1000/65,월세 1000/65,공용,1인실,23.14㎡,1000만원,65만원,서울특별시 마포구 노고산동,일반사업자,벽걸이형\n냉장고\n세탁기\n싱크대\n가스레인지\n현관보안,https://www.dabangapp.com/room/65dc45a495472550fd2e7522,https://d1774jszgerdmk.cloudfront.net/1024/uCtHEMbF1I79lfPgIhws5
65dda3f4fccc1433c3c2159b,월세 1000/65,월세 1000/65,공용,1인실,23.14㎡,1000만원,98만원,서울특별시 마포구 노고산동,일반사업자,\n,https://www.dabangapp.com/room/65dd821a25fb1918da01efa6,https://d1774jszgerdmk.cloudfront.net/1024/uCtHEMbF1I79lfPgIhws5
65dda3f8fccc1433c3c2159c,,,공용,1인실,,300만원,37만원,,일반사업자,벽걸이형\n침대\n책상\n옷장\n신발장\n냉장고\n세탁기\n싱크대\n인덕션\nCCTV\n현관보안,https://www.dabangapp.com/room/65c467125db3993a34c9b9a1,https://d1774jszgerdmk.cloudfront.net/1024/uCtHEMbF1I79lfPgIhws5
65dda3fcfccc1433c3c2159d,월세 500/55,월세 500/55,공용,1인실,16.52㎡,500만원,55만원,서울특별시 마포구 노고산동,일반사업자,벽걸이형\n침대\n책상\n옷장\n신발장\n냉장고\n세탁기\n싱크대\n인덕션\n전자레인지\n현관보안,https://www.dabangapp.com/room/65dd402ba5dc99249948a7c5,https://d1774jszgerdmk.cloudfront.net/1024/uCtHEMbF1I79lfPgIhws5
65dda3fffccc1433c3c2159e,월세 500/55,월세 500/55,공용,1인실,16.52㎡,500만원,55만원,서울특별시 마포구 노고산동,일반사업자,벽걸이형\n신발장\n냉장고\n세탁기\n인덕션\n인터폰\nCCTV\n현관보안,https://www.dabangapp.com/room/65dc479f58b804282659ddb0,https://d1774jszgerdmk.cloudfront.net/1024/uCtHEMbF1I79lfPgIhws5
65dda403fccc1433c3c2159f,월세 1000/65,월세 1000/65,공용,1인실,18㎡,1000만원,65만원,서울특별시 마포구 노고산동,일반사업자,벽걸이형\n침대\n책상\n옷장\n신발장\n냉장고\n세탁기\n싱크대\n인덕션\n전자레인지\n현관보안,https://www.dabangapp.com/room/65dc44be2fcf4b3d6e84d8eb,https://d1774jszgerdmk.cloudfront.net/1024/uCtHEMbF1I79lfPgIhws5
65dda406fccc1433c3c215a0,월세 1000/65,월세 1000/65,공용,1인실,18㎡,1000만원,65만원,서울특별시 마포구 노고산동,일반사업자,벽걸이형\n침대\n책상\n옷장\n신발장\n냉장고\n세탁기\n싱크대\n인덕션\n전자레인지\n현관보안,https://www.dabangapp.com/room/65b9cc798218e53aa4c0d8b4,https://d1774jszgerdmk.cloudfront.net/1024/uCtHEMbF1I79lfPgIhws5
65dda40afccc1433c3c215a1,월세 5000/165,월세 5000/165,공용,그 외,26.08㎡,5000만원,165만원,서울시 마포구 노고산동 57-50,일반사업자,천장형\n신발장\n냉장고\n세탁기\n샤워부스\n싱크대\n인덕션\n붙박이장\n화재경보기\n무인택배함\n경비원\n비디오폰\n인터폰\n카드키\nCCTV\n사설경비\n현관보안\n방범창,https://www.dabangapp.com/room/65da7512619e575c225c9a6e,https://d1774jszgerdmk.cloudfront.net/1024/uCtHEMbF1I79lfPgIhws5
65dda40dfccc1433c3c215a2,월세 5000/165,월세 5000/165,공용,그 외,26.08㎡,5000만원,165만원,서울시 마포구 노고산동 57-50,일반사업자,천장형\n신발장\n냉장고\n세탁기\n샤워부스\n싱크대\n인덕션\n붙박이장\n화재경보기\n무인택배함\n경비원\n비디오폰\n인터폰\n카드키\nCCTV\n사설경비\n현관보안\n방범창,https://www.dabangapp.com/room/65dc44a56cfb2252ca587a7f,https://d1774jszgerdmk.cloudfront.net/1024/uCtHEMbF1I79lfPgIhws5
65dda411fccc1433c3c215a3,월세 2000/80,월세 2000/80,공용,1인실,23.1㎡,2000만원,80만원,서울특별시 마포구 노고산동,일반사업자,옷장\n냉장고\n세탁기\n가스레인지\n,https://www.dabangapp.com/room/65dc451e7156a440b5be3cba,https://d1774jszgerdmk.cloudfront.net/1024/uCtHEMbF1I79lfPgIhws5
65dda415fccc1433c3c215a4,월세 600/117,월세 600/117,공용,그 외,19.93㎡,600만원,117만원,서울시 마포구 노고산동 57-50,일반사업자,천장형\n식탁\n신발장\n냉장고\n세탁기\n샤워부스\n싱크대\n인덕션\n붙박이장\n화재경보기\n무인택배함\n경비원\n비디오폰\n인터폰\n카드키\nCCTV\n현관보안,https://www.dabangapp.com/room/65cedcff7e79e708f4e6817f,https://d1774jszgerdmk.cloudfront.net/1024/uCtHEMbF1I79lfPgIhws5
65dda418fccc1433c3c215a5,월세 300/30,월세 300/30,공용,그 외,13.52㎡,300만원,30만원,"서울시 마포구 노고산동 107-17, 1동",일반사업자,벽걸이형\n책상\n옷장\n신발장\n냉장고\n인덕션\n화재경보기\n경비원\n카드키\nCCTV,https://www.dabangapp.com/room/65d009289bceec7674dd5895,https://d1774jszgerdmk.cloudfront.net/1024/uCtHEMbF1I79lfPgIhws5
65dda41cfccc1433c3c215a6,월세 1000/100,월세 1000/100,공용,그 외,38㎡,1000만원,100만원,서울특별시 마포구 노고산동,일반사업자,벽걸이형\n신발장\n냉장고\n세탁기\n싱크대\n가스레인지\n전자레인지\n,https://www.dabangapp.com/room/65d41c75b0ad7551ade2634f,https://d1774jszgerdmk.cloudfront.net/1024/uCtHEMbF1I79lfPgIhws5
65dda54750b20566ad32e2eb,월세 5000/85,월세 5000/85,공용,1인실,20.8㎡,5000만원,85만원,서울특별시 종로구 창신동,일반사업자,천장형\n옷장\n신발장\n냉장고\n세탁기\n싱크대\n인덕션\nCCTV\n현관보안,https://www.dabangapp.com/room/65cffe058afce128c0c0693d,https://d1774jszgerdmk.cloudfront.net/1024/uCtHEMbF1I79lfPgIhws5
65dda54b50b20566ad32e2ec,월세 300/29,월세 300/29,공용,1인실,13.22㎡,300만원,29만원,서울특별시 종로구 창신동,일반사업자,벽걸이형\n냉장고\n세탁기\n싱크대\n인덕션\nCCTV\n방범창,https://www.dabangapp.com/room/65da5e59c50f8852df7f066f,https://d1774jszgerdmk.cloudfront.net/1024/uCtHEMbF1I79lfPgIhws5
65dda54e50b20566ad32e2ed,월세 300/29,월세 300/29,공용,1인실,13.22㎡,300만원,25만원,서울특별시 종로구 창신동,일반사업자,샤워부스\n싱크대\n,https://www.dabangapp.com/room/65dc77f4f69bc22e4c1e945c,https://d1774jszgerdmk.cloudfront.net/1024/uCtHEMbF1I79lfPgIhws5
65dda55250b20566ad32e2ee,월세 200/20,월세 200/20,공용,1인실,33.05㎡,200만원,20만원,서울특별시 종로구 창신동,일반사업자,\n,https://www.dabangapp.com/room/65dbc540175d16605c55e03d,https://d1774jszgerdmk.cloudfront.net/1024/uCtHEMbF1I79lfPgIhws5
65dda55550b20566ad32e2ef,월세 200/25,월세 200/25,공용,1인실,23.14㎡,200만원,25만원,서울특별시 종로구 창신동,일반사업자,벽걸이형\n냉장고\n세탁기\n샤워부스\n싱크대\n가스레인지\n,https://www.dabangapp.com/room/65dbfed90556101488178525,https://d1774jszgerdmk.cloudfront.net/1024/uCtHEMbF1I79lfPgIhws5
65dda55950b20566ad32e2f0,,,공용,1인실,,500만원,50만원,,일반사업자,벽걸이형\n옷장\n신발장\n냉장고\n세탁기\n싱크대\n인덕션\n전자레인지\nTV\n마당\n무인택배함\n비디오폰\nCCTV\n현관보안,https://www.dabangapp.com/room/65c6342890a569772c699730,https://d1774jszgerdmk.cloudfront.net/1024/uCtHEMbF1I79lfPgIhws5
65dda55d50b20566ad32e2f1,,,공용,1인실,,500만원,40만원,,일반사업자,벽걸이형\n신발장\n냉장고\n세탁기\n싱크대\n인덕션\n붙박이장\n,https://www.dabangapp.com/room/65ccadf4c1b8426c14eda2f6,https://d1774jszgerdmk.cloudfront.net/1024/uCtHEMbF1I79lfPgIhws5
65dda58f6e4e230abc2ee9b1,월세 500/40,월세 500/40,공용,1인실,16.5㎡,500만원,40만원,서울특별시 동대문구 신설동,일반사업자,벽걸이형\n침대\n책상\n신발장\n냉장고\n세탁기\n싱크대\n인덕션\n전자레인지\nTV\n붙박이장\n화재경보기\n인터폰\nCCTV\n현관보안\n방범창,https://www.dabangapp.com/room/65d2b09e42d703565f9ae7b3,https://d1774jszgerdmk.cloudfront.net/1024/uCtHEMbF1I79lfPgIhws5
65dda5936e4e230abc2ee9b2,월세 500/50,월세 500/50,공용,1인실,23.14㎡,500만원,50만원,서울특별시 동대문구 신설동,일반사업자,벽걸이형\n책상\n옷장\n냉장고\n세탁기\n싱크대\n인덕션\nCCTV\n현관보안,https://www.dabangapp.com/room/65dc2981f3bb3b16a2c5824a,https://d1774jszgerdmk.cloudfront.net/1024/uCtHEMbF1I79lfPgIhws5
65dda5966e4e230abc2ee9b3,,,공용,그 외,,1억만원,50만원,,일반사업자,싱크대\n인덕션\n,https://www.dabangapp.com/room/65c086124946d27457371431,https://d1774jszgerdmk.cloudfront.net/1024/uCtHEMbF1I79lfPgIhws5
65dda59a6e4e230abc2ee9b4,월세 500/40,월세 500/40,공용,1인실,18㎡,500만원,40만원,서울특별시 동대문구 신설동,일반사업자,벽걸이형\n침대\n냉장고\n세탁기\n싱크대\n가스레인지\n마당\n인터폰\n현관보안,https://www.dabangapp.com/room/65dae8f6ac990c6ee354c6aa,https://d1774jszgerdmk.cloudfront.net/1024/uCtHEMbF1I79lfPgIhws5
65dda59e6e4e230abc2ee9b5,월세 500/40,월세 500/40,공용,1인실,16.52㎡,500만원,40만원,서울특별시 동대문구 신설동,일반사업자,벽걸이형\n침대\n책상\n옷장\n신발장\n냉장고\n세탁기\n인덕션\n전자레인지\nCCTV\n방범창,https://www.dabangapp.com/room/65d96ac3ad3fa07ecc143046,https://d1774jszgerdmk.cloudfront.net/1024/uCtHEMbF1I79lfPgIhws5
65dda5a16e4e230abc2ee9b6,월세 7000/150,월세 7000/150,공용,그 외,99㎡,7000만원,150만원,서울특별시 동대문구 신설동,일반사업자,샤워부스\n싱크대\n가스레인지\n테라스\n,https://www.dabangapp.com/room/65d033b78319057a22a99c6f,https://d1774jszgerdmk.cloudfront.net/1024/uCtHEMbF1I79lfPgIhws5
65dda5a56e4e230abc2ee9b7,월세 1000/40,월세 1000/40,공용,1인실,13㎡,1000만원,40만원,서울특별시 동대문구 신설동,일반사업자,벽걸이형\n침대\n책상\n신발장\n냉장고\n세탁기\n인덕션\n전자레인지\n현관보안,https://www.dabangapp.com/room/65d9f918740f63158d76632b,https://d1774jszgerdmk.cloudfront.net/1024/uCtHEMbF1I79lfPgIhws5
65dda5a86e4e230abc2ee9b8,월세 500/40,월세 500/40,공용,1인실,16.52㎡,500만원,40만원,서울특별시 동대문구 신설동,일반사업자,벽걸이형\n침대\n옷장\n신발장\n냉장고\n세탁기\n싱크대\n인덕션\n전자레인지\nTV\n인터폰\nCCTV\n현관보안\n방범창,https://www.dabangapp.com/room/65d5a2402e97426a639e3574,https://d1774jszgerdmk.cloudfront.net/1024/uCtHEMbF1I79lfPgIhws5
65dda5ac6e4e230abc2ee9b9,월세 500/40,월세 500/40,공용,1인실,16.52㎡,500만원,40만원,서울특별시 동대문구 신설동,일반사업자,벽걸이형\n침대\n옷장\n신발장\n냉장고\n세탁기\n싱크대\n인덕션\n전자레인지\nTV\n인터폰\nCCTV\n현관보안\n방범창,https://www.dabangapp.com/room/65d6af96c5e44102a63983a1,https://d1774jszgerdmk.cloudfront.net/1024/uCtHEMbF1I79lfPgIhws5
65dda5af6e4e230abc2ee9ba,월세 500/40,월세 500/40,공용,그 외,16.52㎡,1000만원,75만원,서울특별시 동대문구 신설동,일반사업자,\n,https://www.dabangapp.com/room/65cc283f2e9e055afdd3bd8d,https://d1774jszgerdmk.cloudfront.net/1024/uCtHEMbF1I79lfPgIhws5
